Start Time, 2021-04-19 - 03:28:16
Sample Rate,10
Operation Mode,1
Target Depth [m],0.42
Target Height [m],99.0
Roll Kp,1.0
Roll Ki,0.0
Roll Kd,0.0
Height Kp,1.0
Height Ki,0.0
Height Kd,0.0
Depth Kp,1.0
Depth Ki,0.0
Depth Kd,0.0
Adaptive Depth Kp,1.0
Adaptive Depth Ki,0.0
Adaptive Depth Kd,0.0
Camera Mode,0
Photo Frequency [ms],0
 
 #######DATA######## 

Elapsed Time [s],Height [m],Height Error [m],Depth [m],Depth Error [m],Pressure [kPa],Temperature [C],Yaw [deg],Pitch [deg], Roll [deg], Battery Voltage [V],Battery Current [A],height out, roll out, state
0.02391245800026809,
0.09217901300144149,
0.22694947300078638,0.84,98.16,0.35,0.07,10469.00,26.97,325.06,-5.31,-18.75,3.51,34.41,0.00,0.00,1
0.34992300100020657,0.84,98.16,0.35,0.07,10474.00,27.05,325.06,-5.31,-18.81,3.54,34.66,108.00,108.00,1
0.4114354680004908,
0.5057718680000107,0.84,98.16,0.35,0.07,10469.00,27.07,325.06,-5.31,-18.94,3.58,34.53,108.00,108.00,1
0.6118969210001524,0.84,98.16,0.35,0.07,10471.00,27.06,325.06,-5.31,-19.06,3.51,34.78,108.00,108.00,1
0.7265538150004431,0.84,98.16,0.35,0.07,10468.00,27.10,325.06,-5.31,-18.87,3.51,34.66,108.00,108.00,1
0.8458190760011348,0.84,98.16,0.35,0.07,10470.00,27.11,325.06,-5.31,-18.94,3.51,34.66,107.81,107.81,1
0.9093212750012754,
1.001432476001355,0.84,98.16,0.35,0.07,10470.00,27.11,325.06,-5.31,-19.06,3.54,34.78,107.87,107.87,1
1.1075005490001786,0.84,98.16,0.34,0.08,10466.00,27.08,325.06,-5.31,-19.06,3.62,34.53,108.00,108.00,1
1.2176846479997039,0.84,98.16,0.35,0.07,10470.00,27.12,325.06,-5.31,-19.00,3.54,34.53,108.00,108.00,1
1.3405606760006776,0.84,98.16,0.35,0.07,10470.00,27.12,325.06,-5.31,-19.00,3.47,34.41,107.94,107.94,1
1.493455597999855,0.84,98.16,0.35,0.07,10470.00,27.12,325.06,-5.31,-19.12,3.54,34.66,107.94,107.94,1
1.599317787000473,0.84,98.16,0.35,0.07,10472.00,27.09,325.06,-5.31,-19.12,3.54,34.53,108.00,108.00,1
1.7098958950009546,0.84,98.16,0.35,0.07,10473.00,27.12,325.06,-5.31,-19.06,3.58,34.66,108.00,108.00,1
1.8333193690014014,0.84,98.16,0.35,0.07,10472.00,27.13,325.06,-5.31,-19.12,3.54,34.53,107.94,107.94,1
1.8948526180010958,
1.9835734160005813,0.84,98.16,0.35,0.07,10471.00,27.12,325.06,-5.31,-19.19,3.54,34.53,108.00,108.00,1
2.0944665229999373,0.84,98.16,0.34,0.08,10467.00,27.10,325.06,-5.31,-19.19,3.51,34.53,108.00,108.00,1
2.205095152001377,0.84,98.16,0.35,0.07,10469.00,27.13,325.06,-5.31,-19.06,3.54,34.78,108.00,108.00,1
2.3282082109999465,0.84,98.16,0.35,0.07,10469.00,27.13,325.06,-5.31,-19.19,3.65,34.53,107.87,107.87,1
2.3901360930012743,
2.48017188599988,0.84,98.16,0.35,0.07,10471.00,27.13,325.06,-5.31,-19.12,3.51,34.66,108.00,108.00,1
2.5907233280013315,0.84,98.16,0.35,0.07,10471.00,27.10,325.06,-5.31,-19.06,3.54,34.53,107.94,107.94,1
2.701336801001162,0.84,98.16,0.35,0.07,10470.00,27.13,325.06,-5.31,-19.00,3.44,34.66,107.87,107.87,1
2.824272257999837,0.84,98.16,0.35,0.07,10471.00,27.14,325.06,-5.31,-19.06,3.54,34.78,107.81,107.81,1
2.885734516999946,
2.978759882000304,0.84,98.16,0.35,0.07,10470.00,27.13,325.06,-5.31,-18.81,3.69,34.53,107.87,107.87,1
3.0856281090000266,0.84,98.16,0.34,0.08,10465.00,27.10,325.06,-5.31,-18.94,3.47,34.91,107.62,107.62,1
3.1964291849999427,0.84,98.16,0.35,0.07,10469.00,27.13,325.06,-5.31,-19.00,3.54,34.78,107.75,107.75,1
3.319519433000096,0.84,98.16,0.35,0.07,10469.00,27.14,325.06,-5.31,-18.87,3.51,34.41,107.81,107.81,1
3.3813557009998476,
3.470252437000454,0.84,98.16,0.35,0.07,10469.00,27.13,325.06,-5.31,-18.87,3.51,34.53,107.69,107.69,1
3.57716248700126,0.84,98.16,0.34,0.08,10466.00,27.11,325.06,-5.31,-18.94,3.54,34.66,107.69,107.69,1
3.683980715000871,0.84,98.16,0.35,0.07,10472.00,27.14,325.13,-5.31,-18.87,3.33,34.53,107.75,107.75,1
3.794723094000801,0.84,98.16,0.34,0.08,10467.00,27.14,325.13,-5.31,-18.81,3.58,34.66,107.69,107.69,1
3.9127825800005667,0.84,98.16,0.35,0.07,10474.00,27.15,325.13,-5.31,-18.94,3.54,34.91,107.62,107.62,1
3.974143745999754,
4.068407544000365,0.84,98.16,0.35,0.07,10468.00,27.14,325.13,-5.31,-18.81,3.54,34.41,107.75,107.75,1
4.175272125999982,0.84,98.16,0.35,0.07,10469.00,27.11,325.13,-5.31,-18.87,3.72,34.53,107.62,107.62,1
4.282067177000499,0.84,98.16,0.34,0.08,10467.00,27.14,325.13,-5.31,-18.87,3.54,34.53,107.69,107.69,1
4.408640900999671,0.84,98.16,0.35,0.07,10468.00,27.15,325.13,-5.31,-18.87,3.58,34.53,107.69,107.69,1
4.556821624000804,0.84,98.16,0.35,0.07,10473.00,27.14,325.13,-5.31,-18.87,3.72,34.53,107.69,107.69,1
4.664959326000826,0.84,98.16,0.34,0.08,10466.00,27.12,325.13,-5.31,-18.94,3.54,34.53,107.69,107.69,1
4.769385793000765,0.84,98.16,0.35,0.07,10472.00,27.14,325.13,-5.31,-18.87,3.54,34.53,107.75,107.75,1
4.8799157250014105,0.84,98.16,0.34,0.08,10467.00,27.15,325.13,-5.31,-18.94,3.72,34.66,107.69,107.69,1
5.002452120999806,0.84,98.16,0.35,0.07,10468.00,27.15,325.13,-5.31,-18.94,3.58,34.78,107.75,107.75,1
5.064610837000146,
5.154420277000099,0.84,98.16,0.35,0.07,10472.00,27.14,325.13,-5.31,-18.94,3.54,34.53,107.75,107.75,1
5.26499552200039,0.84,98.16,0.34,0.08,10464.00,27.11,325.13,-5.31,-18.94,3.58,34.66,107.75,107.75,1
5.375250144001257,0.84,98.16,0.34,0.08,10467.00,27.14,325.13,-5.31,-19.06,3.54,34.78,107.75,107.75,1
5.498517371001071,0.84,98.16,0.34,0.08,10466.00,27.15,325.13,-5.31,-18.94,3.54,34.53,107.87,107.87,1
5.5599652040000365,
5.650003706001371,0.84,98.16,0.35,0.07,10469.00,27.14,325.13,-5.31,-19.06,3.51,34.53,107.75,107.75,1
5.7558435530008865,0.85,98.15,0.34,0.08,10466.00,27.12,325.13,-5.31,-19.12,3.54,34.53,107.87,107.87,1
5.8624615220014675,0.85,98.15,0.35,0.07,10468.00,27.14,325.13,-5.31,-18.87,3.30,34.53,107.94,107.94,1
5.9731714019999345,0.85,98.15,0.34,0.08,10466.00,27.15,325.13,-5.31,-18.94,3.54,34.91,107.69,107.69,1
6.092609373999949,0.85,98.15,0.35,0.07,10468.00,27.15,325.13,-5.31,-19.00,3.51,34.66,107.75,107.75,1
6.15459626700067,
6.247887778001314,0.85,98.15,0.35,0.07,10471.00,27.14,325.13,-5.31,-18.81,3.47,34.53,107.81,107.81,1
6.358695835000617,0.85,98.15,0.35,0.07,10468.00,27.11,325.13,-5.31,-18.87,3.54,34.66,107.62,107.62,1
6.465351251999891,0.85,98.15,0.35,0.07,10471.00,27.14,325.13,-5.31,-18.94,3.54,34.78,107.69,107.69,1
6.587287078000372,0.84,98.16,0.35,0.07,10469.00,27.15,325.13,-5.31,-18.75,3.54,34.91,107.75,107.75,1
6.648815328000637,
6.739941274001467,0.84,98.16,0.35,0.07,10469.00,27.14,325.13,-5.31,-18.94,3.44,34.53,107.56,107.56,1
6.845851226000377,0.85,98.15,0.35,0.07,10471.00,27.11,325.13,-5.31,-18.94,3.72,34.28,107.75,107.75,1
6.952878985001007,0.85,98.15,0.35,0.07,10469.00,27.14,325.13,-5.31,-18.81,3.54,34.53,107.75,107.75,1
7.067641194000316,0.85,98.15,0.34,0.08,10466.00,27.15,325.13,-5.31,-18.94,3.54,34.78,107.62,107.62,1
7.185503442000481,0.85,98.15,0.35,0.07,10468.00,27.15,325.13,-5.31,-18.87,3.44,34.66,107.75,107.75,1
7.247721741001442,
7.3408630970006925,0.85,98.15,0.34,0.08,10467.00,27.14,325.13,-5.31,-18.94,3.54,34.53,107.69,107.69,1
7.447690806000537,0.85,98.15,0.35,0.07,10470.00,27.12,325.13,-5.31,-19.06,3.54,34.66,107.75,107.75,1
7.558492039999692,0.85,98.15,0.34,0.08,10466.00,27.14,325.13,-5.31,-19.00,3.54,34.78,107.87,107.87,1
7.681616769001266,0.85,98.15,0.35,0.07,10469.00,27.15,325.13,-5.31,-19.06,3.54,34.66,107.81,107.81,1
7.8286980709999625,0.85,98.15,0.35,0.07,10471.00,27.14,325.13,-5.31,-19.00,3.51,34.66,107.87,107.87,1
7.938928579000276,0.85,98.15,0.34,0.08,10467.00,27.12,325.13,-5.31,-19.12,3.51,34.41,107.81,107.81,1
8.045511132000684,0.85,98.15,0.34,0.08,10467.00,27.14,325.13,-5.31,-19.06,3.62,34.53,107.94,107.94,1
8.156250804000592,0.85,98.15,0.35,0.07,10471.00,27.16,325.13,-5.31,-19.12,3.58,34.66,107.87,107.87,1
8.275531798000884,0.85,98.15,0.34,0.08,10465.00,27.15,325.13,-5.31,-19.12,3.44,34.53,107.94,107.94,1
8.337414994000937,
8.431107442000211,0.85,98.15,0.35,0.07,10468.00,27.15,325.13,-5.31,-19.12,3.58,34.53,107.94,107.94,1
8.542068937000295,0.85,98.15,0.34,0.08,10467.00,27.12,325.13,-5.31,-19.12,3.62,34.41,107.94,107.94,1
8.652228716000536,0.85,98.15,0.34,0.08,10466.00,27.14,325.13,-5.31,-19.12,3.54,34.66,107.94,107.94,1
8.775305425000624,0.85,98.15,0.34,0.08,10467.00,27.15,325.13,-5.31,-19.19,3.54,34.66,107.94,107.94,1
8.926178587000322,0.85,98.15,0.35,0.07,10468.00,27.14,325.13,-5.31,-19.19,3.51,34.66,108.00,108.00,1
9.032729110000218,0.85,98.15,0.34,0.08,10464.00,27.12,325.13,-5.31,-19.19,3.51,34.66,108.00,108.00,1
9.147474340001281,0.85,98.15,0.35,0.07,10469.00,27.15,325.13,-5.31,-19.19,3.58,34.53,108.00,108.00,1
9.270486360999712,0.85,98.15,0.35,0.07,10469.00,27.15,325.13,-5.31,-19.25,3.54,34.66,108.00,108.00,1
9.418919376999838,0.85,98.15,0.35,0.07,10469.00,27.14,325.13,-5.31,-19.19,3.62,34.53,108.00,108.00,1
9.52797921400088,0.85,98.15,0.35,0.07,10469.00,27.12,325.13,-5.31,-19.19,3.54,34.28,107.94,107.94,1
9.631383863001247,0.85,98.15,0.34,0.08,10465.00,27.14,325.13,-5.31,-19.25,3.51,34.53,107.94,107.94,1
9.741641560000062,0.85,98.15,0.35,0.07,10469.00,27.16,325.13,-5.31,-19.31,3.54,34.66,108.00,108.00,1
9.8647450389999,0.85,98.15,0.35,0.07,10473.00,27.16,325.13,-5.31,-19.25,3.62,34.66,108.00,108.00,1
9.927902137000274,
10.016347314000086,0.85,98.15,0.35,0.07,10469.00,27.14,325.13,-5.31,-19.31,3.54,34.53,107.94,107.94,1
10.121852371999921,0.85,98.15,0.35,0.07,10469.00,27.12,325.13,-5.31,-19.31,3.51,34.53,108.00,108.00,1
10.2326333480014,0.85,98.15,0.35,0.07,10471.00,27.15,325.13,-5.31,-19.37,3.58,34.66,108.00,108.00,1
10.359639000000243,0.85,98.15,0.34,0.08,10467.00,27.15,325.13,-5.31,-19.31,3.62,34.66,108.00,108.00,1
10.511495857001137,0.85,98.15,0.35,0.07,10470.00,27.14,325.13,-5.31,-19.31,3.51,34.78,107.94,107.94,1
10.618152839000686,0.85,98.15,0.35,0.07,10471.00,27.12,325.13,-5.31,-19.37,3.54,34.53,107.94,107.94,1
10.729116262000389,0.85,98.15,0.34,0.08,10467.00,27.15,325.13,-5.31,-19.44,3.51,34.66,108.00,108.00,1
10.847087157000715,0.85,98.15,0.35,0.07,10470.00,27.15,325.13,-5.31,-19.31,3.44,34.78,108.00,108.00,1
10.91030587000023,
11.003772694000872,0.85,98.15,0.34,0.08,10467.00,27.15,325.13,-5.31,-19.37,3.72,34.53,107.87,107.87,1
11.109740824000255,0.85,98.15,0.34,0.08,10466.00,27.12,325.13,-5.31,-19.44,3.54,34.66,107.94,107.94,1
11.220183989000361,0.85,98.15,0.35,0.07,10472.00,27.15,325.13,-5.31,-19.44,3.54,34.53,108.00,108.00,1
11.343527416000143,0.85,98.15,0.35,0.07,10472.00,27.15,325.13,-5.31,-19.44,3.54,34.66,108.00,108.00,1
11.40686888900018,
11.49432724700091,0.85,98.15,0.35,0.07,10471.00,27.15,325.13,-5.31,-19.50,3.51,34.66,108.00,108.00,1
11.605932387001303,0.85,98.15,0.35,0.07,10471.00,27.12,325.13,-5.31,-19.50,3.58,34.91,108.00,108.00,1
11.711154218000956,0.85,98.15,0.34,0.08,10466.00,27.15,325.13,-5.31,-19.50,3.54,34.66,108.00,108.00,1
11.834336707999682,0.85,98.15,0.35,0.07,10469.00,27.15,325.13,-5.31,-19.50,3.47,34.53,108.00,108.00,1
11.89638875899982,
11.98604184800024,0.85,98.15,0.35,0.07,10473.00,27.14,325.13,-5.31,-19.50,3.51,34.53,108.00,108.00,1
12.093080443000872,0.85,98.15,0.35,0.07,10470.00,27.12,325.13,-5.31,-19.50,3.44,34.53,108.00,108.00,1
12.207409843000278,0.85,98.15,0.35,0.07,10470.00,27.14,325.13,-5.31,-19.50,3.51,34.66,108.00,108.00,1
12.330464053000469,0.84,98.16,0.35,0.07,10473.00,27.15,325.13,-5.31,-19.56,3.54,34.66,108.00,108.00,1
12.391801784000563,
12.47759540900006,0.84,98.16,0.35,0.07,10469.00,27.14,325.13,-5.31,-19.50,3.51,34.66,108.00,108.00,1
12.588213939001434,0.84,98.16,0.34,0.08,10467.00,27.12,325.13,-5.31,-19.56,3.51,34.53,107.94,107.94,1
12.698892155000067,0.84,98.16,0.34,0.08,10465.00,27.15,325.13,-5.31,-19.56,3.54,34.53,108.00,108.00,1
12.818420909999986,0.84,98.16,0.34,0.08,10465.00,27.15,325.13,-5.31,-19.56,3.58,35.03,108.00,108.00,1
12.880127963000632,
12.973661402000289,0.84,98.16,0.34,0.08,10467.00,27.15,325.13,-5.31,-19.56,3.51,34.28,108.00,108.00,1
13.079808125999989,0.84,98.16,0.35,0.07,10469.00,27.12,325.13,-5.31,-19.56,3.62,34.41,108.00,108.00,1
13.193969036999988,0.84,98.16,0.35,0.07,10470.00,27.14,325.13,-5.31,-19.62,3.51,34.66,108.00,108.00,1
13.313193731000865,0.84,98.16,0.34,0.08,10466.00,27.15,325.13,-5.31,-19.62,3.62,34.53,108.00,108.00,1
13.375127189001432,
13.46877792000123,0.84,98.16,0.35,0.07,10468.00,27.15,325.13,-5.31,-19.62,3.44,34.41,108.00,108.00,1
13.575643547001164,0.84,98.16,0.35,0.07,10468.00,27.12,325.13,-5.31,-19.62,3.51,34.53,108.00,108.00,1
13.68606963000093,0.84,98.16,0.34,0.08,10463.00,27.15,325.13,-5.31,-19.62,3.51,34.91,108.00,108.00,1
13.809086601000672,0.84,98.16,0.35,0.07,10468.00,27.15,325.13,-5.31,-19.62,3.58,34.66,108.00,108.00,1
13.955755824001244,0.84,98.16,0.35,0.07,10470.00,27.14,325.13,-5.31,-19.62,3.54,34.66,108.00,108.00,1
14.066343312000754,0.84,98.16,0.35,0.07,10469.00,27.12,325.13,-5.31,-19.62,3.54,34.53,108.00,108.00,1
14.177165123001032,0.84,98.16,0.35,0.07,10468.00,27.15,325.13,-5.31,-19.69,3.54,34.66,108.00,108.00,1
14.300247354000021,0.84,98.16,0.35,0.07,10472.00,27.15,325.13,-5.31,-19.62,3.54,34.66,108.00,108.00,1
14.363430964000145,
14.45202317300027,0.84,98.16,0.34,0.08,10464.00,27.14,325.13,-5.31,-19.62,3.47,34.53,107.94,107.94,1
14.562853942001311,0.84,98.16,0.35,0.07,10469.00,27.12,325.13,-5.31,-19.62,3.54,34.78,107.94,107.94,1
14.67292695300057,0.84,98.16,0.34,0.08,10467.00,27.14,325.13,-5.31,-19.62,3.54,34.66,107.94,107.94,1
14.79224018900095,0.84,98.16,0.35,0.07,10468.00,27.16,325.13,-5.31,-19.62,3.76,34.66,107.94,107.94,1
14.854649165999945,
14.946586830999877,0.84,98.16,0.34,0.08,10467.00,27.14,325.13,-5.31,-19.62,3.54,34.66,107.94,107.94,1
15.053646416999982,0.84,98.16,0.35,0.07,10469.00,27.12,325.13,-5.31,-19.62,3.51,34.53,107.94,107.94,1
15.164382030001434,0.84,98.16,0.34,0.08,10467.00,27.14,325.13,-5.31,-19.62,3.54,34.53,107.94,107.94,1
15.282598551000774,0.84,98.16,0.35,0.07,10470.00,27.15,325.13,-5.31,-19.69,3.58,35.03,107.94,107.94,1
15.344584770000438,
15.438631644999987,0.84,98.16,0.34,0.08,10467.00,27.15,325.13,-5.31,-19.69,3.54,34.53,108.00,108.00,1
15.54553894000128,0.84,98.16,0.35,0.07,10470.00,27.12,325.13,-5.31,-19.69,3.54,34.53,108.00,108.00,1
15.655886066000676,0.84,98.16,0.35,0.07,10469.00,27.15,325.13,-5.31,-19.69,3.30,34.66,108.00,108.00,1
15.779033349999736,0.84,98.16,0.35,0.07,10470.00,27.15,325.13,-5.31,-19.69,3.54,34.66,108.00,108.00,1
15.929578913001023,0.84,98.16,0.35,0.07,10470.00,27.14,325.13,-5.31,-19.69,3.51,34.53,108.00,108.00,1
16.036569073001374,0.84,98.16,0.35,0.07,10469.00,27.12,325.13,-5.31,-19.69,3.58,34.41,108.00,108.00,1
16.143325847000597,0.84,98.16,0.35,0.07,10470.00,27.15,325.13,-5.31,-19.69,3.51,34.41,108.00,108.00,1
16.254207710000628,0.84,98.16,0.35,0.07,10470.00,27.16,325.13,-5.31,-19.69,3.54,34.15,108.00,108.00,1
16.37229079500139,0.84,98.16,0.35,0.07,10470.00,27.16,325.13,-5.31,-19.69,3.58,34.53,108.00,108.00,1
16.43485456400049,
16.530121540001346,0.84,98.16,0.34,0.08,10465.00,27.15,325.13,-5.31,-19.69,3.54,34.53,108.00,108.00,1
16.634689780999906,0.84,98.16,0.35,0.07,10468.00,27.12,325.13,-5.31,-19.69,3.51,34.53,108.00,108.00,1
16.744979979999698,0.84,98.16,0.35,0.07,10470.00,27.15,325.13,-5.31,-19.69,3.54,34.91,108.00,108.00,1
16.868128775000514,0.84,98.16,0.34,0.08,10464.00,27.16,325.13,-5.31,-19.69,3.58,35.16,108.00,108.00,1
17.016260286000033,0.84,98.16,0.35,0.07,10471.00,27.15,325.13,-5.31,-19.62,3.47,34.41,108.00,108.00,1
17.12326372700045,0.84,98.16,0.34,0.08,10467.00,27.12,325.13,-5.31,-19.62,3.54,34.53,107.94,107.94,1
17.237452713001403,0.84,98.16,0.34,0.08,10465.00,27.15,325.13,-5.31,-19.62,3.47,34.78,107.94,107.94,1
17.360009167001408,0.84,98.16,0.34,0.08,10466.00,27.15,325.13,-5.31,-19.62,3.58,34.66,107.94,107.94,1
17.42185835500095,
17.511825924000732,0.84,98.16,0.35,0.07,10471.00,27.14,325.13,-5.31,-19.62,3.54,34.53,107.94,107.94,1
17.617199580001397,0.84,98.16,0.35,0.07,10469.00,27.12,325.13,-5.31,-19.62,3.47,34.53,107.94,107.94,1
17.72907930400106,0.84,98.16,0.35,0.07,10471.00,27.15,325.13,-5.31,-19.62,3.54,34.66,107.94,107.94,1
17.850686648000192,0.84,98.16,0.35,0.07,10471.00,27.16,325.13,-5.31,-19.56,3.62,34.66,107.94,107.94,1
17.91293052200126,
18.00304387200049,0.84,98.16,0.35,0.07,10469.00,27.15,325.13,-5.31,-19.50,3.47,34.41,107.87,107.87,1
18.109363149000274,0.84,98.16,0.34,0.08,10466.00,27.12,325.13,-5.31,-19.44,3.54,34.53,107.81,107.81,1
18.2236923950004,0.84,98.16,0.35,0.07,10470.00,27.15,325.13,-5.31,-19.37,3.58,34.66,107.75,107.75,1
18.343189330000314,0.84,98.16,0.35,0.07,10470.00,27.16,325.13,-5.31,-19.31,3.47,34.53,107.69,107.69,1
18.405225444999814,
18.49482728700059,0.84,98.16,0.34,0.08,10467.00,27.15,325.13,-5.31,-19.31,3.54,34.66,107.62,107.62,1
18.604478531000495,0.84,98.16,0.34,0.08,10466.00,27.12,325.13,-5.31,-19.25,3.58,34.53,107.62,107.62,1
18.713244205000592,0.84,98.16,0.35,0.07,10468.00,27.15,325.13,-5.31,-19.25,3.51,34.53,107.56,107.56,1
18.834447799999907,0.84,98.16,0.35,0.07,10471.00,27.16,325.13,-5.31,-19.25,3.58,34.53,107.56,107.56,1
18.896214749000137,
18.98596273700059,0.84,98.16,0.35,0.07,10469.00,27.15,325.13,-5.31,-19.25,3.47,34.53,107.56,107.56,1
19.09181915100089,0.84,98.16,0.35,0.07,10470.00,27.12,325.13,-5.31,-19.25,3.51,34.41,107.56,107.56,1
19.198673114000485,0.84,98.16,0.35,0.07,10468.00,27.15,325.13,-5.31,-19.25,3.54,34.66,107.56,107.56,1
19.309076907000417,0.84,98.16,0.34,0.08,10467.00,27.17,325.13,-5.31,-19.25,3.72,34.53,107.56,107.56,1
19.43199268399985,0.84,98.16,0.35,0.07,10469.00,27.16,325.13,-5.31,-19.25,3.54,34.41,107.56,107.56,1
19.494522286000574,
19.584291471999677,0.84,98.16,0.35,0.07,10470.00,27.15,325.13,-5.31,-19.25,3.62,34.53,107.56,107.56,1
19.694777557000634,0.84,98.16,0.35,0.07,10470.00,27.12,325.13,-5.31,-19.25,3.54,34.53,107.56,107.56,1
19.800500639001257,0.84,98.16,0.34,0.08,10467.00,27.15,325.13,-5.31,-19.25,3.54,34.66,107.56,107.56,1
19.923819330000697,0.84,98.16,0.34,0.08,10467.00,27.16,325.13,-5.31,-19.25,3.54,34.66,107.56,107.56,1
19.986003883001104,
20.075388799001303,0.84,98.16,0.34,0.08,10465.00,27.15,325.13,-5.31,-19.25,3.54,34.66,107.56,107.56,1
20.182379687999855,0.84,98.16,0.35,0.07,10469.00,27.12,325.13,-5.31,-19.25,3.54,34.53,107.56,107.56,1
20.289090162999855,0.84,98.16,0.35,0.07,10469.00,27.15,325.13,-5.31,-19.25,3.51,34.78,107.56,107.56,1
20.40337357700082,0.84,98.16,0.34,0.08,10466.00,27.16,325.13,-5.31,-19.25,3.58,34.66,107.56,107.56,1
20.52173968399984,0.84,98.16,0.34,0.08,10463.00,27.16,325.19,-5.31,-19.25,3.51,34.53,107.56,107.56,1
20.583437623001373,
20.677470907001407,0.84,98.16,0.35,0.07,10468.00,27.15,325.13,-5.31,-19.25,3.76,34.41,107.56,107.56,1
20.78434481899967,0.84,98.16,0.35,0.07,10468.00,27.12,325.13,-5.31,-19.19,3.51,34.78,107.56,107.56,1
20.894981216000815,0.84,98.16,0.35,0.07,10468.00,27.15,325.19,-5.31,-19.31,3.54,34.53,107.50,107.50,1
21.01693668400003,0.84,98.16,0.35,0.07,10471.00,27.16,325.13,-5.31,-19.25,3.54,34.78,107.62,107.62,1
21.165089239000736,0.84,98.16,0.34,0.08,10463.00,27.15,325.13,-5.31,-19.31,3.51,34.78,107.56,107.56,1
21.271789870001157,0.84,98.16,0.35,0.07,10469.00,27.12,325.13,-5.31,-19.25,3.51,34.66,107.62,107.62,1
21.386092451000877,0.84,98.16,0.35,0.07,10468.00,27.15,325.19,-5.31,-19.37,3.62,34.53,107.56,107.56,1
21.509207134000462,0.84,98.16,0.34,0.08,10467.00,27.16,325.13,-5.31,-19.25,3.54,34.78,107.69,107.69,1
21.573726051999984,
21.660768166000707,0.84,98.16,0.34,0.08,10466.00,27.15,325.13,-5.31,-19.19,3.51,34.28,107.56,107.56,1
21.766493488001288,0.84,98.16,0.35,0.07,10468.00,27.12,325.19,-5.31,-19.19,3.54,34.66,107.50,107.50,1
21.88211908500125,0.84,98.16,0.35,0.07,10468.00,27.15,325.19,-5.31,-19.25,3.47,34.66,107.50,107.50,1
22.000102068999695,0.84,98.16,0.34,0.08,10466.00,27.16,325.19,-5.31,-19.12,3.54,34.66,107.56,107.56,1
22.061874905000877,
22.155482252999718,0.84,98.16,0.35,0.07,10469.00,27.15,325.19,-5.31,-19.12,3.51,34.91,107.44,107.44,1
22.262271581999812,0.84,98.16,0.34,0.08,10467.00,27.12,325.19,-5.31,-19.19,3.51,34.66,107.44,107.44,1
22.376722809000057,0.84,98.16,0.35,0.07,10469.00,27.15,325.19,-5.31,-19.19,3.51,34.66,107.50,107.50,1
22.496420474000843,0.84,98.16,0.34,0.08,10466.00,27.15,325.19,-5.31,-19.19,3.54,34.66,107.50,107.50,1
22.651545659000476,0.84,98.16,0.35,0.07,10469.00,27.15,325.19,-5.31,-19.12,3.54,34.53,107.50,107.50,1
22.75735910700132,0.84,98.16,0.34,0.08,10467.00,27.12,325.19,-5.31,-19.19,3.62,34.53,107.44,107.44,1
22.864336769000147,0.84,98.16,0.35,0.07,10470.00,27.15,325.19,-5.31,-19.25,3.54,34.91,107.50,107.50,1
22.987408066999706,0.84,98.16,0.34,0.08,10467.00,27.16,325.13,-5.31,-19.12,3.62,34.53,107.56,107.56,1
23.048919393000688,
23.13926758799971,0.84,98.16,0.35,0.07,10468.00,27.15,325.19,-5.31,-19.19,3.51,34.53,107.44,107.44,1
23.24981580900021,0.84,98.16,0.34,0.08,10467.00,27.12,325.19,-5.31,-19.25,3.51,34.41,107.50,107.50,1
23.35184026100069,0.84,98.16,0.35,0.07,10469.00,27.15,325.19,-5.31,-19.25,3.51,34.53,107.56,107.56,1
23.46593555199979,0.84,98.16,0.34,0.08,10466.00,27.16,325.19,-5.31,-19.19,3.51,34.66,107.56,107.56,1
23.58537025000078,0.84,98.16,0.35,0.07,10472.00,27.16,325.19,-5.31,-19.25,3.54,34.66,107.50,107.50,1
23.647181678999914,
23.737417686999834,0.84,98.16,0.35,0.07,10471.00,27.15,325.13,-5.31,-19.31,3.51,34.53,107.56,107.56,1
23.847577889000604,0.84,98.16,0.35,0.07,10473.00,27.12,325.13,-5.31,-19.25,3.58,34.66,107.62,107.62,1
23.954501750000418,0.84,98.16,0.35,0.07,10468.00,27.15,325.19,-5.31,-19.37,3.58,34.91,107.56,107.56,1
24.07779606800068,0.84,98.16,0.34,0.08,10465.00,27.16,325.13,-5.31,-19.25,3.69,34.66,107.69,107.69,1
24.228335802999936,0.84,98.16,0.34,0.08,10467.00,27.15,325.13,-5.31,-19.25,3.54,34.53,107.56,107.56,1
24.334888831999706,0.84,98.16,0.35,0.07,10469.00,27.12,325.19,-5.31,-19.31,3.47,34.53,107.56,107.56,1
24.445690855000066,0.84,98.16,0.34,0.08,10466.00,27.15,325.19,-5.31,-19.37,3.58,34.53,107.62,107.62,1
24.5687050180004,0.84,98.16,0.35,0.07,10468.00,27.16,325.19,-5.31,-19.31,3.58,34.66,107.69,107.69,1
24.630633114000375,
24.719338398999753,0.84,98.16,0.35,0.07,10468.00,27.15,325.13,-5.31,-19.25,3.37,34.53,107.62,107.62,1
24.826493197000673,0.84,98.16,0.35,0.07,10468.00,27.12,325.19,-5.31,-19.37,3.54,34.53,107.56,107.56,1
24.932489717000863,0.84,98.16,0.35,0.07,10469.00,27.15,325.19,-5.31,-19.37,3.54,34.78,107.69,107.69,1
25.03981404499973,0.84,98.16,0.35,0.07,10470.00,27.17,325.19,-5.31,-19.31,3.54,34.41,107.69,107.69,1
25.16263576200072,0.84,98.16,0.35,0.07,10469.00,27.17,325.19,-5.31,-19.37,3.51,34.66,107.62,107.62,1
25.224509691001003,
25.314402628000607,0.84,98.16,0.34,0.08,10465.00,27.15,325.19,-5.31,-19.44,3.47,34.41,107.69,107.69,1
25.419930661000762,0.84,98.16,0.35,0.07,10469.00,27.12,325.19,-5.31,-19.37,3.79,34.41,107.75,107.75,1
25.531778045000465,0.84,98.16,0.35,0.07,10469.00,27.15,325.19,-5.31,-19.37,3.51,34.66,107.69,107.69,1
25.657418606000647,0.84,98.16,0.35,0.07,10468.00,27.15,325.19,-5.31,-19.44,3.51,34.66,107.69,107.69,1
25.80571407900061,0.84,98.16,0.34,0.08,10467.00,27.15,325.19,-5.31,-19.44,3.54,34.41,107.75,107.75,1
25.92004338100014,0.84,98.16,0.34,0.08,10466.00,27.12,325.19,-5.31,-19.44,3.54,34.53,107.75,107.75,1
26.027022711001337,0.84,98.16,0.35,0.07,10469.00,27.15,325.19,-5.31,-19.44,3.54,34.66,107.75,107.75,1
26.145189654000205,0.84,98.16,0.35,0.07,10468.00,27.16,325.19,-5.31,-19.44,3.54,34.53,107.75,107.75,1
26.20686811500127,
26.3007228080005,0.84,98.16,0.34,0.08,10465.00,27.15,325.19,-5.31,-19.44,3.51,34.66,107.75,107.75,1
26.407953231000647,0.84,98.16,0.35,0.07,10469.00,27.12,325.19,-5.31,-19.44,3.54,34.66,107.75,107.75,1
26.51841442300065,0.84,98.16,0.34,0.08,10463.00,27.15,325.19,-5.31,-19.50,3.58,34.66,107.75,107.75,1
26.64038635200086,0.84,98.16,0.34,0.08,10466.00,27.15,325.19,-5.31,-19.50,3.54,34.66,107.81,107.81,1
26.702429500001017,
26.792410457001097,0.84,98.16,0.35,0.07,10470.00,27.15,325.19,-5.31,-19.44,3.54,34.66,107.81,107.81,1
26.899079685001198,0.84,98.16,0.34,0.08,10467.00,27.12,325.19,-5.31,-19.50,3.62,34.41,107.75,107.75,1
27.009508324999842,0.84,98.16,0.35,0.07,10469.00,27.15,325.19,-5.31,-19.50,3.58,34.78,107.81,107.81,1
27.133037435000006,0.84,98.16,0.34,0.08,10467.00,27.16,325.19,-5.31,-19.50,3.54,34.78,107.81,107.81,1
27.27933677100009,0.84,98.16,0.34,0.08,10464.00,27.15,325.19,-5.31,-19.50,3.51,34.28,107.81,107.81,1
27.386206571000002,0.84,98.16,0.35,0.07,10468.00,27.12,325.19,-5.31,-19.56,3.54,34.66,107.81,107.81,1
27.500346603001162,0.84,98.16,0.34,0.08,10464.00,27.15,325.19,-5.31,-19.56,3.51,34.66,107.87,107.87,1
27.623287383001298,0.84,98.16,0.34,0.08,10466.00,27.16,325.19,-5.31,-19.50,3.51,34.53,107.87,107.87,1
27.771453535000546,0.84,98.16,0.34,0.08,10467.00,27.15,325.19,-5.31,-19.56,3.51,34.53,107.81,107.81,1
27.87834520999968,0.84,98.16,0.35,0.07,10468.00,27.12,325.19,-5.31,-19.56,3.69,34.53,107.87,107.87,1
27.992594929000916,0.84,98.16,0.34,0.08,10467.00,27.15,325.19,-5.31,-19.56,3.51,34.66,107.87,107.87,1
28.110929373000545,0.84,98.16,0.34,0.08,10467.00,27.15,325.19,-5.31,-19.56,3.54,34.53,107.87,107.87,1
28.173897829999987,
28.26260045900017,0.84,98.16,0.34,0.08,10467.00,27.15,325.19,-5.31,-19.56,3.58,34.53,107.87,107.87,1
28.373099256001296,0.84,98.16,0.35,0.07,10469.00,27.12,325.19,-5.31,-19.50,3.51,34.53,107.87,107.87,1
28.483505969999896,0.84,98.16,0.35,0.07,10471.00,27.15,325.19,-5.31,-19.56,3.58,34.78,107.81,107.81,1
28.603552594000575,0.84,98.16,0.34,0.08,10467.00,27.16,325.19,-5.31,-19.62,3.62,34.66,107.87,107.87,1
28.671063482001045,
28.75974965400019,0.84,98.16,0.35,0.07,10468.00,27.15,325.19,-5.31,-19.50,3.51,34.66,107.94,107.94,1
28.86483373200099,0.84,98.16,0.34,0.08,10466.00,27.12,325.19,-5.31,-19.50,3.51,34.66,107.81,107.81,1
28.971578689001035,0.84,98.16,0.34,0.08,10467.00,27.15,325.19,-5.31,-19.56,3.54,34.66,107.81,107.81,1
29.098282319000646,0.84,98.16,0.35,0.07,10468.00,27.16,325.19,-5.31,-19.69,3.54,34.78,107.87,107.87,1
29.246458732000974,0.84,98.16,0.35,0.07,10470.00,27.15,325.19,-5.31,-19.50,3.54,34.53,108.00,108.00,1
29.35589550199984,0.84,98.16,0.34,0.08,10465.00,27.12,325.19,-5.31,-19.69,3.54,34.53,107.81,107.81,1
29.45951354400131,0.84,98.16,0.34,0.08,10466.00,27.15,325.19,-5.31,-19.12,3.54,34.53,108.00,108.00,1
29.57421987700036,0.84,98.16,0.34,0.08,10463.00,27.16,325.13,-5.31,-19.94,3.54,34.78,107.44,107.44,1
29.69292208099978,0.84,98.16,0.34,0.08,10466.00,27.16,325.13,-5.31,-19.69,3.47,34.53,108.00,108.00,1
29.844635667999682,0.84,98.16,0.35,0.07,10468.00,27.15,325.13,-5.31,-19.56,3.51,34.53,107.75,107.75,1
29.954593582000598,0.84,98.16,0.34,0.08,10465.00,27.12,325.13,-5.31,-19.44,3.58,34.53,107.62,107.62,1
30.06152963200111,0.84,98.16,0.34,0.08,10465.00,27.15,325.06,-5.31,-20.06,3.65,34.53,107.50,107.50,1
30.18338036500063,0.84,98.16,0.34,0.08,10466.00,27.16,325.06,-5.31,-19.81,3.54,34.66,108.00,108.00,1
30.331893601000047,0.84,98.16,0.34,0.08,10462.00,27.15,325.06,-5.31,-19.94,3.58,34.53,107.75,107.75,1
30.442081774001053,0.84,98.16,0.35,0.07,10471.00,27.12,325.06,-5.31,-19.62,3.54,34.53,107.87,107.87,1
30.553097653000805,0.84,98.16,0.35,0.07,10469.00,27.15,325.00,-5.25,-20.06,3.44,34.66,107.56,107.56,1
30.679630139000437,0.84,98.16,0.34,0.08,10467.00,27.15,325.00,-5.25,-19.75,3.69,34.66,108.00,108.00,1
30.826306195000143,0.84,98.16,0.35,0.07,10468.00,27.15,325.00,-5.25,-19.87,3.58,34.53,107.69,107.69,1
30.93387833700035,0.84,98.16,0.35,0.07,10468.00,27.12,325.00,-5.31,-19.81,3.54,34.53,107.81,107.81,1
31.04899091900006,0.84,98.16,0.34,0.08,10467.00,27.15,325.00,-5.31,-19.94,3.58,34.66,107.75,107.75,1
31.166393231000256,0.84,98.16,0.34,0.08,10466.00,27.16,325.00,-5.31,-19.75,3.51,34.66,107.87,107.87,1
31.228369452999686,
31.318473954001092,0.84,98.16,0.34,0.08,10467.00,27.15,325.00,-5.31,-19.81,3.40,34.53,107.69,107.69,1
31.428988949000995,0.84,98.16,0.34,0.08,10463.00,27.12,325.00,-5.25,-19.87,3.54,34.53,107.75,107.75,1
31.539414779001163,0.84,98.16,0.35,0.07,10468.00,27.15,325.00,-5.25,-19.75,3.62,34.53,107.81,107.81,1
31.658853750999697,0.84,98.16,0.34,0.08,10467.00,27.16,325.00,-5.25,-19.81,3.54,34.66,107.69,107.69,1
31.722320541000954,
31.814662324000892,0.84,98.16,0.35,0.07,10468.00,27.15,325.00,-5.25,-19.87,3.51,34.53,107.75,107.75,1
31.920029683000394,0.84,98.16,0.34,0.08,10467.00,27.12,325.00,-5.25,-19.94,3.58,34.53,107.81,107.81,1
32.02761807600109,0.84,98.16,0.35,0.07,10468.00,27.15,325.00,-5.25,-19.81,3.79,34.53,107.87,107.87,1
32.15382613700058,0.84,98.16,0.35,0.07,10470.00,27.16,325.00,-5.25,-19.94,3.54,34.66,107.75,107.75,1
32.3020335930014,0.84,98.16,0.35,0.07,10468.00,27.15,325.00,-5.25,-19.81,3.54,34.41,107.87,107.87,1
32.407662566,0.84,98.16,0.34,0.08,10464.00,27.12,325.00,-5.25,-19.81,3.54,34.53,107.75,107.75,1
32.52294483600053,0.84,98.16,0.35,0.07,10468.00,27.15,325.00,-5.25,-19.87,3.58,34.53,107.75,107.75,1
32.64476515299975,0.84,98.16,0.35,0.07,10468.00,27.16,325.00,-5.25,-20.00,3.51,34.78,107.81,107.81,1
32.70785866300139,
32.79652337800144,0.84,98.16,0.34,0.08,10464.00,27.14,325.00,-5.25,-19.81,3.51,34.41,107.94,107.94,1
32.903494742000476,0.84,98.16,0.34,0.08,10467.00,27.12,325.00,-5.25,-19.81,3.58,34.78,107.75,107.75,1
33.018132743000024,0.84,98.16,0.34,0.08,10464.00,27.15,325.00,-5.25,-20.00,3.54,34.91,107.75,107.75,1
33.13748046600085,0.84,98.16,0.34,0.08,10467.00,27.15,325.00,-5.25,-19.94,3.58,34.66,107.94,107.94,1
33.20062986100129,
33.293168154999876,0.84,98.16,0.35,0.07,10468.00,27.15,325.00,-5.25,-19.87,3.51,34.28,107.87,107.87,1
33.39855416000137,0.84,98.16,0.35,0.07,10470.00,27.12,325.00,-5.25,-19.87,3.51,34.53,107.81,107.81,1
33.50912847900145,0.84,98.16,0.35,0.07,10472.00,27.15,325.00,-5.25,-20.00,3.51,34.53,107.81,107.81,1
33.63231348000045,0.84,98.16,0.34,0.08,10467.00,27.16,325.00,-5.25,-19.94,3.62,34.66,107.94,107.94,1
33.695333084000595,
33.78452540100079,0.84,98.16,0.34,0.08,10467.00,27.15,325.00,-5.25,-19.94,3.51,34.78,107.87,107.87,1
33.895034564000525,0.84,98.16,0.34,0.08,10466.00,27.12,325.00,-5.25,-19.94,3.51,34.53,107.87,107.87,1
34.00070499600042,0.84,98.16,0.35,0.07,10469.00,27.15,325.00,-5.25,-20.00,3.51,35.03,107.87,107.87,1
34.12776477300031,0.84,98.16,0.34,0.08,10466.00,27.16,325.00,-5.25,-19.94,3.54,34.78,107.94,107.94,1
34.279672946000574,0.84,98.16,0.35,0.07,10468.00,27.15,325.00,-5.25,-19.94,3.54,34.53,107.87,107.87,1
34.38642769600119,0.84,98.16,0.34,0.08,10466.00,27.12,325.00,-5.25,-19.94,3.51,34.41,107.87,107.87,1
34.49702732800142,0.84,98.16,0.35,0.07,10468.00,27.15,325.00,-5.25,-20.00,3.62,34.53,107.87,107.87,1
34.62006087100053,0.84,98.16,0.35,0.07,10471.00,27.15,325.00,-5.25,-20.00,3.51,34.78,107.94,107.94,1
34.68257146700125,
34.77076316400053,0.84,98.16,0.34,0.08,10466.00,27.15,325.00,-5.25,-19.94,3.51,34.78,107.94,107.94,1
34.877893278000556,0.84,98.16,0.34,0.08,10467.00,27.13,325.00,-5.25,-20.00,3.54,34.53,107.87,107.87,1
34.991972792000524,0.84,98.16,0.34,0.08,10467.00,27.15,325.00,-5.25,-20.06,3.51,34.53,107.94,107.94,1
35.11150155700125,0.84,98.16,0.35,0.07,10468.00,27.16,325.00,-5.25,-20.00,3.51,34.66,108.00,108.00,1
35.174157986000864,
35.263236710001365,0.84,98.16,0.35,0.07,10470.00,27.15,325.00,-5.25,-20.06,3.51,34.41,107.94,107.94,1
35.373891290000756,0.84,98.16,0.35,0.07,10470.00,27.12,325.00,-5.25,-20.06,3.54,34.66,108.00,108.00,1
35.48426040200138,0.84,98.16,0.34,0.08,10466.00,27.15,325.00,-5.25,-20.00,3.54,34.66,108.00,108.00,1
35.606344158000866,0.84,98.16,0.34,0.08,10467.00,27.15,325.00,-5.25,-20.00,3.69,34.53,107.94,107.94,1
35.66810777700084,
35.75860326700058,0.84,98.16,0.34,0.08,10464.00,27.15,325.00,-5.25,-20.12,3.51,34.91,107.94,107.94,1
35.86902383800043,0.84,98.16,0.35,0.07,10470.00,27.12,325.00,-5.31,-19.94,3.58,34.78,108.00,108.00,1
35.97588463000102,0.84,98.16,0.34,0.08,10466.00,27.15,325.00,-5.31,-19.87,3.58,34.78,107.81,107.81,1
36.09743156500008,0.84,98.16,0.34,0.08,10467.00,27.16,325.00,-5.31,-20.06,3.54,34.66,107.75,107.75,1
36.249369790000856,0.84,98.16,0.35,0.07,10469.00,27.15,325.00,-5.31,-19.81,3.69,34.53,107.94,107.94,1
36.356254125001215,0.84,98.16,0.35,0.07,10468.00,27.12,325.00,-5.31,-19.75,3.54,34.66,107.69,107.69,1
36.47072582600049,0.84,98.16,0.35,0.07,10468.00,27.15,325.06,-5.31,-19.94,3.44,34.66,107.62,107.62,1
36.5902425080003,0.84,98.16,0.34,0.08,10464.00,27.16,325.00,-5.31,-19.81,3.51,34.66,107.81,107.81,1
36.65222029400138,
36.74205000599977,0.84,98.16,0.35,0.07,10470.00,27.15,325.00,-5.31,-19.81,3.51,34.66,107.69,107.69,1
36.851445944999796,0.84,98.16,0.34,0.08,10464.00,27.12,325.06,-5.31,-19.81,3.54,34.78,107.69,107.69,1
36.961678027000744,0.84,98.16,0.34,0.08,10467.00,27.15,325.06,-5.31,-19.87,3.54,34.66,107.69,107.69,1
37.081163356000616,0.84,98.16,0.35,0.07,10469.00,27.16,325.06,-5.31,-19.81,3.58,34.66,107.75,107.75,1
37.142614164000406,
37.2370706290003,0.84,98.16,0.35,0.07,10468.00,27.15,325.06,-5.31,-19.87,3.54,34.53,107.69,107.69,1
37.344018036001216,0.84,98.16,0.35,0.07,10472.00,27.12,325.00,-5.31,-19.81,3.54,34.53,107.75,107.75,1
37.45826312400095,0.84,98.16,0.34,0.08,10466.00,27.15,325.06,-5.31,-19.87,3.54,34.78,107.69,107.69,1
37.57677955100007,0.84,98.16,0.35,0.07,10470.00,27.16,325.06,-5.31,-19.87,3.62,34.53,107.75,107.75,1
37.6387978570001,
37.732142660001045,0.84,98.16,0.35,0.07,10468.00,27.15,325.00,-5.31,-19.81,3.62,34.53,107.75,107.75,1
37.83896558900051,0.84,98.16,0.35,0.07,10468.00,27.12,325.06,-5.31,-19.81,3.54,34.53,107.69,107.69,1
37.94993256400085,0.84,98.16,0.34,0.08,10465.00,27.15,325.06,-5.31,-19.87,3.65,34.53,107.69,107.69,1
38.07188225900063,0.84,98.16,0.34,0.08,10466.00,27.16,325.06,-5.31,-19.81,3.54,34.66,107.75,107.75,1
38.22400334899976,0.84,98.16,0.35,0.07,10469.00,27.15,325.06,-5.31,-19.87,3.62,34.41,107.69,107.69,1
38.330687424000644,0.84,98.16,0.35,0.07,10471.00,27.12,325.06,-5.31,-19.87,3.58,34.41,107.75,107.75,1
38.43649384700075,0.84,98.16,0.35,0.07,10468.00,27.15,325.06,-5.31,-19.87,3.58,34.53,107.75,107.75,1
38.54692884600081,0.84,98.16,0.34,0.08,10466.00,27.16,325.06,-5.31,-19.87,3.51,34.66,107.75,107.75,1
38.666289488000984,0.84,98.16,0.34,0.08,10466.00,27.16,325.06,-5.31,-19.94,3.54,34.66,107.75,107.75,1
38.72819227400032,
38.82184113900075,0.84,98.16,0.34,0.08,10465.00,27.15,325.06,-5.31,-19.87,3.51,34.78,107.81,107.81,1
38.928507975000684,0.84,98.16,0.35,0.07,10469.00,27.12,325.06,-5.31,-19.87,3.44,34.41,107.75,107.75,1
39.03543444500065,0.84,98.16,0.35,0.07,10470.00,27.15,325.06,-5.31,-19.94,3.54,34.53,107.75,107.75,1
39.158804447000875,0.84,98.16,0.34,0.08,10465.00,27.16,325.06,-5.31,-19.94,3.54,34.66,107.81,107.81,1
39.220708327000466,
39.30893872300112,0.84,98.16,0.35,0.07,10468.00,27.15,325.06,-5.31,-19.87,3.54,34.53,107.81,107.81,1
39.4156576940004,0.85,98.15,0.35,0.07,10468.00,27.12,325.06,-5.31,-19.87,3.51,34.78,107.75,107.75,1
39.523059058999934,0.85,98.15,0.35,0.07,10468.00,27.15,325.06,-5.31,-19.94,3.54,34.53,107.75,107.75,1
39.63287202900028,0.84,98.16,0.34,0.08,10463.00,27.16,325.06,-5.31,-19.94,3.69,34.66,107.81,107.81,1
39.75606349100053,0.84,98.16,0.35,0.07,10468.00,27.16,325.06,-5.31,-19.94,3.58,34.53,107.81,107.81,1
39.819496949001405,
39.906944066000506,0.84,98.16,0.35,0.07,10468.00,27.15,325.06,-5.31,-19.94,3.54,34.53,107.81,107.81,1
40.01371543300047,0.84,98.16,0.35,0.07,10470.00,27.12,325.06,-5.31,-20.00,3.62,34.41,107.81,107.81,1
40.12423803599995,0.84,98.16,0.34,0.08,10466.00,27.15,325.06,-5.31,-19.94,3.58,34.66,107.87,107.87,1
40.24732423800015,0.84,98.16,0.34,0.08,10465.00,27.16,325.06,-5.31,-19.94,3.54,34.53,107.81,107.81,1
40.399148039001375,0.84,98.16,0.34,0.08,10467.00,27.15,325.06,-5.31,-20.00,3.51,34.66,107.81,107.81,1
40.504715193001175,0.84,98.16,0.34,0.08,10466.00,27.12,325.06,-5.31,-20.00,3.51,34.28,107.87,107.87,1
40.61545758700049,0.84,98.16,0.34,0.08,10467.00,27.15,325.06,-5.31,-20.00,3.58,34.66,107.87,107.87,1
40.738534987000094,0.84,98.16,0.35,0.07,10468.00,27.16,325.06,-5.31,-20.00,3.51,34.66,107.87,107.87,1
40.80174537300081,
40.89050884000062,0.84,98.16,0.35,0.07,10468.00,27.15,325.06,-5.31,-20.00,3.58,34.53,107.87,107.87,1
41.001124620001065,0.84,98.16,0.34,0.08,10465.00,27.12,325.06,-5.31,-19.94,3.54,34.15,107.87,107.87,1
41.11193013900083,0.84,98.16,0.35,0.07,10468.00,27.15,325.06,-5.31,-20.00,3.54,34.78,107.81,107.81,1
41.229722871001286,0.84,98.16,0.34,0.08,10467.00,27.15,325.06,-5.31,-20.00,3.54,34.66,107.87,107.87,1
41.29287617400041,
41.3856335319997,0.84,98.16,0.35,0.07,10468.00,27.15,325.06,-5.31,-20.00,3.54,34.53,107.87,107.87,1
41.49269963900042,0.84,98.16,0.34,0.08,10466.00,27.12,325.06,-5.31,-20.00,3.54,34.53,107.87,107.87,1
41.60699712400128,0.84,98.16,0.34,0.08,10463.00,27.15,325.06,-5.31,-20.00,3.54,34.41,107.87,107.87,1
41.72637458999998,0.84,98.16,0.35,0.07,10472.00,27.16,325.06,-5.31,-20.00,3.44,34.53,107.87,107.87,1
41.78840326300087,
41.87694475100034,0.84,98.16,0.34,0.08,10464.00,27.15,325.06,-5.31,-20.00,3.69,34.53,107.87,107.87,1
41.9876251149999,0.84,98.16,0.34,0.08,10462.00,27.12,325.06,-5.31,-20.00,3.51,34.66,107.87,107.87,1
42.09454674300105,0.84,98.16,0.34,0.08,10466.00,27.15,325.06,-5.31,-20.00,3.58,34.78,107.87,107.87,1
42.21754341400083,0.84,98.16,0.34,0.08,10466.00,27.16,325.06,-5.31,-20.00,3.69,34.66,107.87,107.87,1
42.279514170000766,
42.36851909500001,0.84,98.16,0.34,0.08,10467.00,27.15,325.06,-5.31,-20.00,3.58,34.53,107.87,107.87,1
42.47898336599974,0.84,98.16,0.35,0.07,10470.00,27.12,325.06,-5.31,-20.00,3.58,34.53,107.87,107.87,1
42.58994914499999,0.84,98.16,0.35,0.07,10468.00,27.15,325.06,-5.31,-20.00,3.58,34.66,107.87,107.87,1
42.71329472199977,0.84,98.16,0.35,0.07,10469.00,27.15,325.06,-5.31,-20.00,3.51,34.53,107.87,107.87,1
42.8649373799999,0.84,98.16,0.35,0.07,10468.00,27.15,325.06,-5.31,-20.00,3.47,34.41,107.87,107.87,1
42.970381409000765,0.84,98.16,0.34,0.08,10467.00,27.12,325.06,-5.31,-20.06,3.54,34.53,107.87,107.87,1
43.08130078300019,0.84,98.16,0.35,0.07,10468.00,27.15,325.06,-5.31,-20.00,3.58,34.66,107.94,107.94,1
43.20406401800028,0.84,98.16,0.35,0.07,10468.00,27.15,325.06,-5.31,-20.00,3.47,34.41,107.87,107.87,1
43.26573227500012,
43.356286673000795,0.84,98.16,0.34,0.08,10465.00,27.15,325.06,-5.31,-20.00,3.54,34.53,107.87,107.87,1
43.46666006000123,0.84,98.16,0.35,0.07,10470.00,27.12,325.06,-5.31,-20.06,3.54,34.78,107.87,107.87,1
43.57732672600105,0.84,98.16,0.35,0.07,10469.00,27.15,325.06,-5.31,-20.06,3.51,34.66,107.94,107.94,1
43.69575414500105,0.84,98.16,0.34,0.08,10467.00,27.15,325.06,-5.31,-19.87,3.54,34.53,107.94,107.94,1
43.75785344200085,
43.85234850300003,0.84,98.16,0.35,0.07,10470.00,27.15,325.06,-5.31,-20.06,3.54,34.53,107.75,107.75,1
43.957957168000576,0.84,98.16,0.34,0.08,10467.00,27.12,325.06,-5.31,-20.06,3.69,34.53,107.94,107.94,1
44.06488499400075,0.84,98.16,0.35,0.07,10468.00,27.15,325.06,-5.31,-19.87,3.47,34.53,107.94,107.94,1
44.187873124999896,0.84,98.16,0.35,0.07,10468.00,27.16,325.06,-5.31,-19.87,3.54,34.53,107.75,107.75,1
44.33949718900112,0.84,98.16,0.34,0.08,10466.00,27.15,325.00,-5.31,-20.06,3.44,34.53,107.75,107.75,1
44.44502345900037,0.84,98.16,0.35,0.07,10470.00,27.12,325.00,-5.31,-20.00,3.47,34.41,107.94,107.94,1
44.55558872000074,0.84,98.16,0.34,0.08,10466.00,27.15,325.00,-5.31,-19.94,3.54,34.53,107.87,107.87,1
44.67877606900038,0.84,98.16,0.34,0.08,10466.00,27.16,325.00,-5.31,-19.94,3.51,34.66,107.81,107.81,1
44.74134974000117,
44.83105924600022,0.84,98.16,0.35,0.07,10468.00,27.15,325.06,-5.31,-20.06,3.51,34.28,107.81,107.81,1
44.94084029100122,0.84,98.16,0.35,0.07,10470.00,27.12,325.06,-5.31,-20.00,3.62,34.53,107.94,107.94,1
45.05123555300088,0.84,98.16,0.34,0.08,10463.00,27.15,325.00,-5.31,-19.87,3.54,34.78,107.87,107.87,1
45.170611196999744,0.84,98.16,0.34,0.08,10466.00,27.16,325.06,-5.31,-20.06,3.40,34.66,107.75,107.75,1
45.235116788000596,
45.3227296870009,0.84,98.16,0.34,0.08,10464.00,27.15,325.06,-5.31,-20.00,3.58,34.78,107.94,107.94,1
45.4325752120003,0.84,98.16,0.35,0.07,10468.00,27.12,325.06,-5.31,-20.06,3.51,34.53,107.87,107.87,1
45.543424899000456,0.84,98.16,0.34,0.08,10467.00,27.15,325.00,-5.31,-19.94,3.54,34.66,107.94,107.94,1
45.66222466100044,0.84,98.16,0.34,0.08,10461.00,27.16,325.06,-5.31,-20.12,3.72,34.53,107.81,107.81,1
45.724061356000675,
45.81786714900045,0.84,98.16,0.34,0.08,10467.00,27.15,325.00,-5.31,-20.06,3.54,34.66,108.00,108.00,1
45.923539094999796,0.84,98.16,0.34,0.08,10462.00,27.12,325.00,-5.31,-20.00,3.54,34.53,107.94,107.94,1
46.03439977200105,0.84,98.16,0.34,0.08,10466.00,27.15,325.00,-5.31,-20.00,3.54,34.53,107.87,107.87,1
46.15741649800111,0.84,98.16,0.35,0.07,10470.00,27.16,325.06,-5.31,-20.12,3.62,34.53,107.87,107.87,1
46.305332400001134,0.84,98.16,0.35,0.07,10468.00,27.15,325.06,-5.31,-20.06,3.44,34.53,108.00,108.00,1
46.4158351620008,0.84,98.16,0.34,0.08,10466.00,27.12,325.00,-5.31,-20.00,3.62,34.41,107.94,107.94,1
46.526665266001146,0.84,98.16,0.35,0.07,10469.00,27.15,325.06,-5.31,-20.12,3.40,34.53,107.87,107.87,1
46.64858788099991,0.84,98.16,0.34,0.08,10467.00,27.15,325.06,-5.31,-20.12,3.51,34.66,108.00,108.00,1
46.80043434199979,0.84,98.16,0.35,0.07,10468.00,27.15,325.06,-5.31,-20.06,3.51,34.66,108.00,108.00,1
46.90722258700043,0.84,98.16,0.34,0.08,10464.00,27.12,325.06,-5.31,-20.06,3.54,34.66,107.94,107.94,1
47.02175627200086,0.84,98.16,0.35,0.07,10468.00,27.15,325.06,-5.31,-20.25,3.54,34.53,107.94,107.94,1
47.14006931699987,0.84,98.16,0.35,0.07,10468.00,27.15,325.06,-5.31,-20.00,3.51,34.66,108.00,108.00,1
47.202183354000226,
47.29647951100014,0.84,98.16,0.35,0.07,10470.00,27.15,325.06,-5.31,-20.12,3.47,34.53,107.75,107.75,1
47.402015781000955,0.84,98.16,0.34,0.08,10465.00,27.12,325.06,-5.31,-20.12,3.58,34.41,107.87,107.87,1
47.51263062700127,0.84,98.16,0.34,0.08,10465.00,27.15,325.06,-5.31,-20.12,3.54,34.66,107.87,107.87,1
47.6318508559998,0.84,98.16,0.34,0.08,10466.00,27.16,325.06,-5.31,-19.94,3.54,34.66,107.87,107.87,1
47.69348484400143,
47.78730970000106,0.84,98.16,0.34,0.08,10467.00,27.15,325.06,-5.31,-20.06,3.51,34.66,107.69,107.69,1
47.89431247600078,0.84,98.16,0.35,0.07,10469.00,27.12,325.06,-5.31,-20.06,3.51,34.41,107.81,107.81,1
48.00105316900044,0.84,98.16,0.34,0.08,10464.00,27.15,325.06,-5.31,-20.06,3.58,34.53,107.81,107.81,1
48.12408052000137,0.84,98.16,0.35,0.07,10470.00,27.16,325.06,-5.31,-19.94,3.54,34.53,107.81,107.81,1
48.186484244000894,
48.27449375800097,0.84,98.16,0.34,0.08,10463.00,27.15,325.06,-5.31,-20.06,3.51,34.53,107.69,107.69,1
48.38120278400129,0.84,98.16,0.35,0.07,10468.00,27.12,325.06,-5.31,-20.06,3.51,34.28,107.81,107.81,1
48.48794550900129,0.84,98.16,0.35,0.07,10471.00,27.15,325.06,-5.31,-20.00,3.54,34.53,107.81,107.81,1
48.598447647000285,0.84,98.16,0.35,0.07,10468.00,27.16,325.06,-5.31,-20.00,3.54,34.53,107.75,107.75,1
48.71775782500117,0.84,98.16,0.35,0.07,10471.00,27.16,325.06,-5.31,-20.12,3.51,34.53,107.75,107.75,1
48.779839311000615,
48.873166044000754,0.84,98.16,0.35,0.07,10469.00,27.15,325.06,-5.31,-20.00,3.51,34.53,107.87,107.87,1
48.9801376230007,0.84,98.16,0.35,0.07,10469.00,27.12,325.06,-5.31,-20.00,3.54,35.03,107.75,107.75,1
49.085688633000245,0.84,98.16,0.34,0.08,10467.00,27.15,325.06,-5.31,-20.12,3.54,34.78,107.75,107.75,1
49.208586818000185,0.84,98.16,0.34,0.08,10464.00,27.16,325.06,-5.31,-20.06,3.47,34.28,107.87,107.87,1
49.27040268000019,
49.360384270001305,0.84,98.16,0.34,0.08,10463.00,27.15,325.06,-5.31,-20.06,3.51,34.53,107.81,107.81,1
49.46739366099973,0.84,98.16,0.34,0.08,10467.00,27.12,325.06,-5.31,-20.06,3.79,34.41,107.81,107.81,1
49.5818351070011,0.84,98.16,0.34,0.08,10465.00,27.15,325.06,-5.31,-20.12,3.69,34.66,107.81,107.81,1
49.70483292800054,0.84,98.16,0.34,0.08,10466.00,27.15,325.06,-5.31,-20.06,3.51,34.41,107.87,107.87,1
49.85166263800056,0.84,98.16,0.34,0.08,10465.00,27.15,325.06,-5.31,-20.12,3.54,34.66,107.81,107.81,1
49.95846755100138,0.84,98.16,0.34,0.08,10467.00,27.12,325.06,-5.31,-20.19,3.58,34.53,107.87,107.87,1
50.065230953001446,0.84,98.16,0.35,0.07,10468.00,27.15,325.06,-5.31,-20.12,3.58,34.53,107.94,107.94,1
50.172054355,0.84,98.16,0.34,0.08,10467.00,27.16,325.06,-5.31,-20.12,3.54,34.66,107.87,107.87,1
50.2987621100001,0.84,98.16,0.34,0.08,10465.00,27.17,325.06,-5.31,-20.19,3.54,34.66,107.87,107.87,1
50.445799008000904,0.84,98.16,0.34,0.08,10465.00,27.15,325.06,-5.31,-20.12,3.51,34.53,107.94,107.94,1
50.55302069000027,0.84,98.16,0.35,0.07,10472.00,27.12,325.06,-5.31,-20.12,3.47,34.53,107.87,107.87,1
50.667285314000765,0.84,98.16,0.34,0.08,10467.00,27.15,325.06,-5.31,-20.19,3.51,34.66,107.87,107.87,1
50.78944053400119,0.84,98.16,0.34,0.08,10467.00,27.16,325.06,-5.31,-20.12,3.54,34.78,107.94,107.94,1
50.93747518900091,0.84,98.16,0.35,0.07,10469.00,27.15,325.06,-5.31,-20.19,3.54,34.66,107.87,107.87,1
51.04799003500011,0.84,98.16,0.34,0.08,10461.00,27.12,325.06,-5.31,-20.19,3.54,34.91,107.94,107.94,1
51.158678632000374,0.84,98.16,0.34,0.08,10467.00,27.15,325.06,-5.31,-20.19,3.51,34.53,107.94,107.94,1
51.28056275900053,0.84,98.16,0.35,0.07,10470.00,27.15,325.06,-5.31,-20.25,3.51,34.66,107.94,107.94,1
51.34407929200097,
51.43265416900067,0.84,98.16,0.34,0.08,10463.00,27.15,325.06,-5.31,-20.25,3.51,34.66,108.00,108.00,1
51.54284896600075,0.84,98.16,0.34,0.08,10467.00,27.12,325.06,-5.31,-20.25,3.54,34.66,108.00,108.00,1
51.65354766699966,0.84,98.16,0.35,0.07,10470.00,27.15,325.06,-5.31,-20.25,3.54,34.78,108.00,108.00,1
51.77298029300073,0.84,98.16,0.34,0.08,10466.00,27.16,325.06,-5.31,-20.25,3.54,34.66,108.00,108.00,1
51.836126203001186,
51.9248259750002,0.84,98.16,0.34,0.08,10464.00,27.15,325.06,-5.31,-20.25,3.54,34.53,108.00,108.00,1
52.03511014600008,0.84,98.16,0.34,0.08,10466.00,27.12,325.06,-5.31,-20.19,3.93,34.41,108.00,108.00,1
52.14192714300043,0.84,98.16,0.35,0.07,10469.00,27.15,325.06,-5.31,-20.25,3.54,34.66,107.94,107.94,1
52.26480022500073,0.84,98.16,0.34,0.08,10467.00,27.16,325.06,-5.31,-20.19,3.54,34.53,108.00,108.00,1
52.32682962900071,
52.41539898600058,0.84,98.16,0.35,0.07,10468.00,27.14,325.06,-5.31,-20.19,3.54,34.41,107.94,107.94,1
52.522520773,0.84,98.16,0.34,0.08,10466.00,27.12,325.06,-5.31,-20.19,3.51,34.53,107.94,107.94,1
52.63311822500145,0.84,98.16,0.35,0.07,10468.00,27.15,325.06,-5.31,-20.37,3.58,34.53,107.94,107.94,1
52.756431410000005,0.84,98.16,0.35,0.07,10469.00,27.15,325.06,-5.31,-20.06,3.58,34.66,108.00,108.00,1
52.819619559000785,
52.90790360400024,0.84,98.16,0.34,0.08,10464.00,27.15,325.06,-5.31,-20.12,3.62,34.53,107.69,107.69,1
53.0144866440005,0.84,98.16,0.34,0.08,10467.00,27.12,325.06,-5.31,-20.19,3.51,34.53,107.75,107.75,1
53.11992250000003,0.84,98.16,0.34,0.08,10467.00,27.14,325.06,-5.31,-20.19,3.58,34.53,107.81,107.81,1
53.23091547100012,0.84,98.16,0.34,0.08,10467.00,27.16,325.06,-5.31,-20.00,3.54,34.66,107.81,107.81,1
53.35410735500045,0.84,98.16,0.34,0.08,10466.00,27.16,325.06,-5.31,-20.12,3.51,34.66,107.62,107.62,1
53.418676958001015,
53.505802413999845,0.84,98.16,0.34,0.08,10463.00,27.15,325.06,-5.31,-20.12,3.54,34.53,107.75,107.75,1
53.61143577000075,0.84,98.16,0.34,0.08,10466.00,27.12,325.06,-5.31,-20.00,3.62,34.53,107.75,107.75,1
53.722264834999805,0.84,98.16,0.34,0.08,10466.00,27.15,325.06,-5.31,-19.94,3.58,34.66,107.62,107.62,1
53.84534692800116,0.84,98.16,0.35,0.07,10469.00,27.15,325.06,-5.31,-20.12,3.54,34.66,107.56,107.56,1
53.907105968000906,
53.9970619350006,0.84,98.16,0.34,0.08,10464.00,27.15,325.06,-5.31,-20.00,3.54,34.53,107.75,107.75,1
54.1077651680007,0.84,98.16,0.34,0.08,10467.00,27.12,325.06,-5.31,-20.00,3.58,34.53,107.62,107.62,1
54.21823652600142,0.84,98.16,0.34,0.08,10465.00,27.15,325.06,-5.31,-20.06,3.51,34.66,107.62,107.62,1
54.3366479590004,0.84,98.16,0.35,0.07,10469.00,27.15,325.06,-5.31,-20.19,3.54,34.53,107.69,107.69,1
54.39825673999985,
54.491860350000934,0.85,98.15,0.34,0.08,10467.00,27.15,325.06,-5.31,-20.00,3.44,34.53,107.81,107.81,1
54.60369300599996,0.85,98.15,0.34,0.08,10461.00,27.12,325.06,-5.31,-20.06,3.58,34.53,107.62,107.62,1
54.71420650000073,0.85,98.15,0.34,0.08,10466.00,27.15,325.06,-5.31,-20.06,3.58,34.91,107.69,107.69,1
54.83278288099973,0.85,98.15,0.34,0.08,10466.00,27.16,325.06,-5.31,-20.19,3.54,34.66,107.69,107.69,1
54.89474301399969,
54.98790683399966,0.84,98.16,0.35,0.07,10468.00,27.15,325.06,-5.31,-20.12,3.51,34.66,107.81,107.81,1
55.09559960899969,0.84,98.16,0.34,0.08,10467.00,27.12,325.06,-5.31,-20.06,3.40,34.53,107.75,107.75,1
55.20564206400013,0.84,98.16,0.34,0.08,10465.00,27.14,325.06,-5.31,-20.12,3.58,34.41,107.69,107.69,1
55.327785254001355,0.85,98.15,0.35,0.07,10468.00,27.16,325.06,-5.31,-20.19,3.51,34.66,107.75,107.75,1
55.38946304500132,
55.47912333600107,0.85,98.15,0.34,0.08,10467.00,27.14,325.06,-5.31,-20.06,3.54,34.41,107.81,107.81,1
55.58607778199985,0.85,98.15,0.34,0.08,10466.00,27.12,325.06,-5.31,-20.00,3.65,34.53,107.69,107.69,1
55.700306783001,0.85,98.15,0.34,0.08,10465.00,27.15,325.06,-5.31,-20.19,3.62,34.66,107.62,107.62,1
55.823235335999925,0.85,98.15,0.34,0.08,10463.00,27.15,325.06,-5.31,-20.25,3.51,34.53,107.81,107.81,1
55.88693416100068,
55.97541711300073,0.85,98.15,0.34,0.08,10465.00,27.14,325.06,-5.31,-20.06,3.54,34.66,107.87,107.87,1
56.08237650600131,0.85,98.15,0.34,0.08,10467.00,27.12,325.06,-5.31,-20.06,3.51,34.78,107.69,107.69,1
56.19632665500103,0.85,98.15,0.35,0.07,10468.00,27.15,325.06,-5.31,-20.25,3.54,34.53,107.69,107.69,1
56.31571053300104,0.85,98.15,0.34,0.08,10467.00,27.15,325.06,-5.31,-20.19,3.51,34.66,107.87,107.87,1
56.3772500440009,
56.47134698500122,0.85,98.15,0.34,0.08,10463.00,27.15,325.06,-5.31,-20.12,3.54,34.53,107.81,107.81,1
56.577222476000316,0.85,98.15,0.34,0.08,10463.00,27.12,325.06,-5.31,-20.12,3.54,34.53,107.75,107.75,1
56.6911834069997,0.85,98.15,0.34,0.08,10464.00,27.15,325.06,-5.31,-20.31,3.54,34.91,107.75,107.75,1
56.81071587800034,0.85,98.15,0.34,0.08,10465.00,27.15,325.06,-5.31,-20.12,3.51,34.78,107.94,107.94,1
56.87227247200099,
56.966398997001306,0.85,98.15,0.34,0.08,10465.00,27.15,325.06,-5.31,-20.19,3.54,34.53,107.75,107.75,1
57.0730964129998,0.85,98.15,0.35,0.07,10468.00,27.12,325.06,-5.31,-20.19,3.51,34.15,107.81,107.81,1
57.18009538899969,0.85,98.15,0.35,0.07,10468.00,27.15,325.06,-5.31,-20.25,3.54,34.66,107.81,107.81,1
57.30174321800041,0.85,98.15,0.34,0.08,10463.00,27.16,325.06,-5.31,-20.25,3.51,34.78,107.87,107.87,1
57.3637742890005,
57.453583122000055,0.85,98.15,0.34,0.08,10466.00,27.15,325.06,-5.31,-20.19,3.47,34.41,107.87,107.87,1
57.56061939100073,0.85,98.15,0.35,0.07,10468.00,27.12,325.06,-5.31,-20.25,3.54,34.53,107.81,107.81,1
57.667361286001324,0.85,98.15,0.34,0.08,10467.00,27.15,325.06,-5.31,-20.19,3.76,34.53,107.87,107.87,1
57.78134560200124,0.85,98.15,0.34,0.08,10461.00,27.16,325.06,-5.31,-20.31,3.44,34.66,107.81,107.81,1
57.90105546900122,0.85,98.15,0.35,0.07,10471.00,27.16,325.06,-5.31,-20.25,3.51,34.78,107.94,107.94,1
57.9642833070011,
58.051790950001305,0.85,98.15,0.34,0.08,10463.00,27.15,325.06,-5.31,-20.25,3.51,34.66,107.87,107.87,1
58.16211611300059,0.85,98.15,0.34,0.08,10467.00,27.12,325.06,-5.31,-20.19,3.54,34.66,107.87,107.87,1
58.26917977800076,0.85,98.15,0.35,0.07,10468.00,27.15,325.06,-5.31,-20.37,3.58,34.66,107.81,107.81,1
58.39202661300078,0.85,98.15,0.35,0.07,10470.00,27.16,325.06,-5.31,-20.19,3.58,34.66,108.00,108.00,1
58.53877768200073,0.85,98.15,0.34,0.08,10463.00,27.15,325.06,-5.31,-20.25,3.51,34.78,107.81,107.81,1
58.64948779200131,0.85,98.15,0.34,0.08,10463.00,27.12,325.06,-5.31,-20.19,3.54,34.66,107.87,107.87,1
58.76015660000121,0.85,98.15,0.34,0.08,10465.00,27.15,325.06,-5.31,-20.12,3.58,34.66,107.81,107.81,1
58.8832057260006,0.85,98.15,0.34,0.08,10465.00,27.15,325.13,-5.31,-20.25,3.62,34.53,107.75,107.75,1
58.94522367300124,
59.03479505900032,0.85,98.15,0.34,0.08,10465.00,27.15,325.13,-5.31,-20.12,3.58,34.53,107.87,107.87,1
59.14169789100015,0.85,98.15,0.34,0.08,10464.00,27.12,325.13,-5.31,-20.00,3.51,34.78,107.75,107.75,1
59.252498521000234,0.85,98.15,0.35,0.07,10468.00,27.15,325.13,-5.31,-20.12,3.51,34.66,107.62,107.62,1
59.375013847000446,0.85,98.15,0.34,0.08,10464.00,27.16,325.13,-5.31,-20.19,3.54,34.66,107.75,107.75,1
59.43787944700125,
59.52626917199996,0.85,98.15,0.34,0.08,10466.00,27.15,325.13,-5.31,-20.00,3.51,34.53,107.81,107.81,1
59.636376055001165,0.85,98.15,0.34,0.08,10465.00,27.12,325.13,-5.31,-19.94,3.51,34.66,107.62,107.62,1
59.746997518999706,0.85,98.15,0.34,0.08,10465.00,27.15,325.13,-5.31,-20.12,3.62,34.53,107.56,107.56,1
59.86641624300137,0.85,98.15,0.34,0.08,10464.00,27.15,325.13,-5.31,-20.00,3.58,34.91,107.75,107.75,1
59.92802950400073,
60.02203014400038,0.85,98.15,0.34,0.08,10466.00,27.15,325.13,-5.31,-20.00,3.54,34.66,107.62,107.62,1
60.12885907100099,0.85,98.15,0.34,0.08,10467.00,27.12,325.13,-5.31,-19.94,3.58,34.53,107.62,107.62,1
60.234599043000344,0.85,98.15,0.34,0.08,10464.00,27.15,325.13,-5.31,-20.06,3.58,34.78,107.56,107.56,1
60.35766270100066,0.84,98.16,0.34,0.08,10466.00,27.16,325.13,-5.31,-20.00,3.23,34.41,107.69,107.69,1
60.42091225800141,
60.509214431000146,0.84,98.16,0.35,0.07,10470.00,27.15,325.13,-5.31,-19.94,3.40,34.53,107.62,107.62,1
60.61604221200105,0.84,98.16,0.34,0.08,10465.00,27.12,325.13,-5.31,-20.00,3.54,34.53,107.56,107.56,1
60.726815760001045,0.84,98.16,0.34,0.08,10465.00,27.15,325.13,-5.31,-20.06,3.58,34.66,107.62,107.62,1
60.85354195600121,0.84,98.16,0.34,0.08,10465.00,27.15,325.13,-5.31,-20.00,3.51,34.53,107.69,107.69,1
61.00405056500131,0.84,98.16,0.34,0.08,10465.00,27.15,325.13,-5.31,-19.94,3.54,34.53,107.62,107.62,1
61.11172256200007,0.84,98.16,0.34,0.08,10466.00,27.12,325.13,-5.31,-20.06,3.54,34.53,107.56,107.56,1
61.213561194999784,0.84,98.16,0.34,0.08,10466.00,27.15,325.13,-5.31,-20.06,3.62,34.53,107.69,107.69,1
61.32407359700119,0.84,98.16,0.35,0.07,10468.00,27.16,325.13,-5.31,-20.00,3.54,34.78,107.69,107.69,1
61.44846068900006,0.84,98.16,0.34,0.08,10466.00,27.16,325.13,-5.31,-20.06,3.58,34.53,107.62,107.62,1
61.51020764799978,
61.598123259000204,0.84,98.16,0.34,0.08,10462.00,27.15,325.13,-5.31,-20.12,3.54,34.53,107.69,107.69,1
61.70508135300042,0.84,98.16,0.34,0.08,10467.00,27.13,325.13,-5.31,-20.06,3.58,34.41,107.75,107.75,1
61.81928832599988,0.84,98.16,0.34,0.08,10465.00,27.15,325.13,-5.31,-20.06,3.54,34.66,107.69,107.69,1
61.94239313000071,0.84,98.16,0.34,0.08,10466.00,27.15,325.13,-5.31,-20.06,3.51,34.66,107.69,107.69,1
62.00406222499987,
62.09447064000051,0.84,98.16,0.34,0.08,10467.00,27.14,325.13,-5.31,-20.06,3.47,34.53,107.69,107.69,1
62.201450348000435,0.84,98.16,0.34,0.08,10466.00,27.12,325.13,-5.31,-20.06,3.51,34.66,107.69,107.69,1
62.31589549700038,0.84,98.16,0.34,0.08,10467.00,27.15,325.13,-5.31,-20.06,3.58,34.66,107.69,107.69,1
62.43395584100108,0.84,98.16,0.34,0.08,10465.00,27.15,325.13,-5.31,-20.06,3.54,34.53,107.69,107.69,1
62.49590290299966,
62.58945995300019,0.84,98.16,0.34,0.08,10466.00,27.15,325.13,-5.31,-20.06,3.51,34.53,107.69,107.69,1
62.69632434900086,0.84,98.16,0.34,0.08,10467.00,27.12,325.13,-5.31,-20.06,3.58,34.53,107.69,107.69,1
62.807021440001336,0.84,98.16,0.34,0.08,10464.00,27.15,325.13,-5.31,-20.12,3.54,34.78,107.69,107.69,1
62.92984150600023,0.84,98.16,0.34,0.08,10465.00,27.15,325.13,-5.31,-20.12,3.54,34.66,107.75,107.75,1
62.99129752800036,
63.08560962699994,0.84,98.16,0.34,0.08,10466.00,27.15,325.13,-5.31,-20.06,3.44,34.53,107.75,107.75,1
63.19258897100008,0.84,98.16,0.34,0.08,10465.00,27.12,325.13,-5.31,-20.06,3.54,34.53,107.69,107.69,1
63.301931848000095,0.84,98.16,0.34,0.08,10466.00,27.15,325.13,-5.31,-20.12,3.54,34.66,107.69,107.69,1
63.42486847600048,0.84,98.16,0.34,0.08,10467.00,27.16,325.13,-5.31,-20.12,3.51,34.66,107.75,107.75,1
63.57677827900079,0.84,98.16,0.34,0.08,10464.00,27.15,325.13,-5.31,-20.12,3.58,34.66,107.75,107.75,1
63.68379809200087,0.84,98.16,0.34,0.08,10466.00,27.12,325.13,-5.31,-20.12,3.47,34.41,107.75,107.75,1
63.79059785299978,0.84,98.16,0.34,0.08,10467.00,27.15,325.13,-5.31,-20.06,3.44,34.41,107.75,107.75,1
63.901076142999955,0.84,98.16,0.34,0.08,10465.00,27.16,325.13,-5.31,-20.12,3.58,34.66,107.69,107.69,1
64.02266267200139,0.84,98.16,0.34,0.08,10464.00,27.16,325.13,-5.31,-20.06,3.54,34.53,107.75,107.75,1
64.08496504600043,
64.17498658800105,0.84,98.16,0.34,0.08,10463.00,27.15,325.13,-5.31,-20.12,3.65,34.53,107.69,107.69,1
64.28572336599973,0.84,98.16,0.34,0.08,10467.00,27.12,325.13,-5.31,-20.12,3.58,34.66,107.75,107.75,1
64.39264302400079,0.84,98.16,0.34,0.08,10465.00,27.15,325.13,-5.31,-20.12,3.58,34.78,107.75,107.75,1
64.51940276400092,0.84,98.16,0.34,0.08,10466.00,27.16,325.13,-5.31,-20.12,3.54,34.78,107.75,107.75,1
64.6662988879998,0.84,98.16,0.34,0.08,10465.00,27.15,325.13,-5.31,-20.12,3.69,34.53,107.75,107.75,1
64.77326443000129,0.84,98.16,0.35,0.07,10468.00,27.12,325.13,-5.31,-20.12,3.54,34.66,107.75,107.75,1
64.88010340999972,0.84,98.16,0.35,0.07,10469.00,27.15,325.13,-5.31,-20.12,3.54,34.53,107.75,107.75,1
64.99451772700013,0.84,98.16,0.34,0.08,10467.00,27.16,325.13,-5.31,-20.19,3.54,34.78,107.75,107.75,1
65.11246296900026,0.84,98.16,0.34,0.08,10466.00,27.16,325.13,-5.31,-20.12,3.54,34.66,107.81,107.81,1
65.1739323769998,
65.26438568900085,0.84,98.16,0.34,0.08,10466.00,27.15,325.13,-5.31,-20.19,3.44,34.53,107.75,107.75,1
65.37479783300114,0.84,98.16,0.34,0.08,10466.00,27.13,325.13,-5.31,-20.19,3.54,34.53,107.81,107.81,1
65.48152025200034,0.84,98.16,0.34,0.08,10463.00,27.15,325.13,-5.31,-20.19,3.69,34.53,107.81,107.81,1
65.60464016200058,0.84,98.16,0.34,0.08,10467.00,27.16,325.13,-5.31,-20.19,3.72,34.66,107.81,107.81,1
65.66606712300018,
65.75641001900112,0.84,98.16,0.35,0.07,10468.00,27.15,325.13,-5.31,-20.12,3.54,34.53,107.81,107.81,1
65.86310426000091,0.84,98.16,0.34,0.08,10467.00,27.12,325.13,-5.31,-20.19,3.47,34.28,107.75,107.75,1
65.97753998400003,0.84,98.16,0.34,0.08,10461.00,27.15,325.13,-5.31,-20.19,3.51,34.66,107.81,107.81,1
66.10047484300048,0.84,98.16,0.35,0.07,10468.00,27.15,325.13,-5.31,-20.19,3.54,34.66,107.81,107.81,1
66.16204367800128,
66.25218980400132,0.84,98.16,0.34,0.08,10465.00,27.15,325.13,-5.31,-20.19,3.54,34.78,107.81,107.81,1
66.35756660200059,0.84,98.16,0.34,0.08,10464.00,27.12,325.13,-5.31,-20.19,3.54,34.53,107.81,107.81,1
66.47363945600046,0.84,98.16,0.34,0.08,10463.00,27.15,325.13,-5.31,-20.19,3.54,34.66,107.81,107.81,1
66.59127167800034,0.84,98.16,0.35,0.07,10469.00,27.16,325.13,-5.31,-20.19,3.54,34.66,107.81,107.81,1
66.65294061700115,
66.74672183400071,0.84,98.16,0.34,0.08,10467.00,27.15,325.13,-5.31,-20.19,3.51,34.66,107.81,107.81,1
66.85370076300023,0.84,98.16,0.34,0.08,10465.00,27.12,325.13,-5.31,-20.19,3.58,34.41,107.81,107.81,1
66.96434754199981,0.84,98.16,0.34,0.08,10466.00,27.15,325.13,-5.31,-20.19,3.58,34.53,107.81,107.81,1
67.08360694600015,0.84,98.16,0.34,0.08,10465.00,27.16,325.13,-5.31,-20.19,3.51,34.66,107.81,107.81,1
67.14586411200071,
67.23943298599988,0.84,98.16,0.34,0.08,10462.00,27.15,325.13,-5.31,-20.19,3.51,34.53,107.81,107.81,1
67.34956502800014,0.84,98.16,0.34,0.08,10464.00,27.12,325.13,-5.31,-20.19,3.54,34.41,107.81,107.81,1
67.45521969100082,0.84,98.16,0.34,0.08,10463.00,27.15,325.13,-5.31,-20.19,3.58,34.53,107.81,107.81,1
67.57854022600077,0.84,98.16,0.34,0.08,10462.00,27.16,325.13,-5.31,-20.31,3.37,34.53,107.81,107.81,1
67.73012893899977,0.84,98.16,0.35,0.07,10470.00,27.15,325.13,-5.31,-20.12,3.44,34.41,107.94,107.94,1
67.83708875299999,0.84,98.16,0.34,0.08,10467.00,27.12,325.13,-5.31,-20.19,3.65,34.53,107.75,107.75,1
