Start Time, 2021-04-18 - 15:18:33
Sample Rate,10
Operation Mode,Constant Depth
Target Depth [m],0.42
Target Height [m],0.0
Roll Kp,1.0
Roll Ki,0.0
Roll Kd,0.0
Height Kp,1.0
Height Ki,0.0
Height Kd,0.0
Depth Kp,1.0
Depth Ki,0.0
Depth Kd,0.0
Adaptive Depth Kp,1.0
Adaptive Depth Ki,0.0
Adaptive Depth Kd,0.0
Camera Mode,0
Photo Frequency [ms],0
 
 #######DATA######## 

Elapsed Time [s],Height [m],Height Error [m],Depth [m],Depth Error [m],Pressure [kPa],Temperature [C],Yaw [deg],Pitch [deg], Roll [deg], Battery Voltage [V],Battery Current [A]
0.014931273999536643,Calibration Complete
0.1193583669992222,
0.22134004899999127,
0.32375662500089675,
0.42555903600077727,
0.52735056200072,
0.6291377649995411,
0.7309217900001386,
0.8328414410007099,
0.9348982259998593,
1.0368974600005458,
1.1388782039994112,
1.2408738960002665,
1.3429247439999017,
1.4448839249998855,
1.5468742529992596,
1.6489130169993587,
1.7509214700003213,
1.852858150999964,
1.9547819679992244,
2.0569242229994416,
2.1589926750002633,
2.261816803000329,
2.3639345259998663,
2.4660562589997426,
2.568016950999663,
2.669824152999354,
2.771644742000717,
2.8735760590006976,
2.975306542999533,
3.0770870270007435,
3.179137040999194,
3.281143513999268,
3.383199935000448,
3.485223699999551,
3.5872125170008076,
3.689277948000381,
3.7947149360006733,
3.8970796890007477,
3.9988591839992296,
4.100864042000467,
4.202748536999934,
4.304982718000247,
4.407110387999637,
4.509646652000811,
4.611631249999846,
4.713681421000729,
4.815440915999716,
4.917196504000458,
5.01896360200044,
5.120778148999307,
5.222545716000241,
5.32440619999943,
5.426560641000833,
5.528719718000502,
5.630728692000048,
5.732663393999246,
5.834643095999127,
5.936824776999856,
6.038760052999351,
6.140789025999766,
6.242750134000744,
6.3446890550003445,
6.446646258000328,
6.548576794000837,
6.650528162999763,
6.752465313000357,
6.854447932000767,
6.956457790000059,
7.058446450999327,
7.160681360999661,
7.262739501000397,
7.364935505000176,
7.466976509000233,
7.568927774000258,
7.670914091000668,
7.772839261999252,
7.8747551100004785,
7.976718093999807,
8.078648837999935,
8.180610415000046,
8.282526106999285,
8.384530704999634,
8.486449939000522,
8.588510109999334,
8.690503613999681,
8.792520451999735,
8.894757288999244,
8.99673126199923,
9.09869856899968,
9.200784000000567,
9.302712660999532,
9.40468720699937,
9.506716440000673,
9.608728903000156,
9.710714647000714,
9.812577317999967,
9.914555978000863,
10.016598181000518,
10.118675486999564,
10.22076409500005,
10.32282062000013,
10.424816103999547,
10.526860284999202,
10.628885195999828,
10.731003908000275,
10.833012151999355,
10.935123625000415,
11.037219473000732,
11.139187196000421,
11.24106392899921,
11.343006757000694,
11.445023074000346,
11.547075431999474,
11.648988258999452,
11.751225201000125,
11.853553340000872,
11.955917781000608,
12.05828019100045,
Start Time, 2021-04-18 - 15:18:57
Sample Rate,10
Operation Mode,Constant Depth
Target Depth [m],0.42
Target Height [m],0.0
Roll Kp,1.0
Roll Ki,0.0
Roll Kd,0.0
Height Kp,1.0
Height Ki,0.0
Height Kd,0.0
Depth Kp,1.0
Depth Ki,0.0
Depth Kd,0.0
Adaptive Depth Kp,1.0
Adaptive Depth Ki,0.0
Adaptive Depth Kd,0.0
Camera Mode,0
Photo Frequency [ms],0
 
 #######DATA######## 

Elapsed Time [s],Height [m],Height Error [m],Depth [m],Depth Error [m],Pressure [kPa],Temperature [C],Yaw [deg],Pitch [deg], Roll [deg], Battery Voltage [V],Battery Current [A]
0.03781904300012684,0.42,-0.42,-251.89,252.31,-236150.00,26.32,331.06,-6.25,-13.81,3.30,35.91
0.13476891100071953,0.42,-0.42,0.40,0.02,10525.00,26.56,331.06,-6.25,-13.88,3.51,36.03
0.23123195699918142,0.42,-0.42,0.41,0.01,10532.00,26.64,331.06,-6.19,-13.88,3.58,36.03
0.3269450040006632,0.42,-0.42,0.41,0.01,10530.00,26.66,331.06,-6.19,-13.75,3.58,36.03
0.42261617700023635,0.42,-0.42,0.41,0.01,10533.00,26.68,331.06,-6.19,-13.81,3.47,36.03
0.5185831819999294,0.42,-0.42,0.41,0.01,10527.00,26.70,331.06,-6.19,-13.81,3.62,36.03
0.6142741460007528,0.42,-0.42,0.41,0.01,10531.00,26.70,331.06,-6.19,-13.75,3.47,36.03
0.71219010599998,0.42,-0.42,0.41,0.01,10532.00,26.71,331.06,-6.19,-13.75,3.76,35.41
0.8110999180007639,0.42,-0.42,0.41,0.01,10531.00,26.71,331.06,-6.19,-13.75,3.47,36.03
0.9094901480002591,0.42,-0.42,0.41,0.01,10529.00,26.72,331.06,-6.19,-13.75,3.51,36.16
1.0075770969997393,0.42,-0.42,0.41,0.01,10528.00,26.72,331.06,-6.19,-13.75,3.58,35.91
1.1063817529993685,0.42,-0.42,0.41,0.01,10530.00,26.72,331.06,-6.19,-13.75,3.62,36.03
1.2043760979995568,0.42,-0.42,0.41,0.01,10527.00,26.72,331.06,-6.19,-13.69,3.86,36.41
1.3023054959994624,0.42,-0.42,0.41,0.01,10529.00,26.72,331.06,-6.19,-13.63,3.54,36.03
1.4002463510005327,0.42,-0.42,0.41,0.01,10529.00,26.73,331.06,-6.19,-13.63,3.51,36.16
1.4981140820000292,0.42,-0.42,0.41,0.01,10528.00,26.73,331.06,-6.19,-13.63,3.58,36.03
1.5959332710008312,0.42,-0.42,0.41,0.01,10528.00,26.73,331.06,-6.19,-13.69,3.40,35.91
1.6937806379992253,0.42,-0.42,0.41,0.01,10528.00,26.73,331.06,-6.19,-13.50,3.51,38.54
1.7919049829997675,0.42,-0.42,0.41,0.01,10526.00,26.73,331.06,-6.19,-13.63,4.79,35.66
1.890142921000006,0.42,-0.42,0.41,0.01,10530.00,26.74,331.06,-6.19,-13.56,3.62,36.41
1.9880419019991677,0.42,-0.42,0.41,0.01,10530.00,26.74,331.06,-6.19,-13.56,2.91,36.03
2.0858570799991867,0.42,-0.42,0.41,0.01,10527.00,26.73,331.06,-6.19,-13.63,3.79,36.03
2.18461798700082,0.42,-0.42,0.41,0.01,10531.00,26.74,331.06,-6.19,-13.56,3.97,36.91
2.282997852000335,0.42,-0.42,0.41,0.01,10526.00,26.74,331.06,-6.19,-13.63,3.51,35.91
2.381782820000808,0.42,-0.42,0.41,0.01,10527.00,26.74,331.06,-6.19,-13.50,3.69,36.41
2.4797109680002904,0.42,-0.42,0.41,0.01,10533.00,26.74,331.06,-6.19,-13.63,4.75,36.91
2.5784336969991273,0.42,-0.42,0.41,0.01,10531.00,26.74,331.06,-6.25,-13.56,3.47,36.03
2.677016583000295,0.42,-0.42,0.41,0.01,10529.00,26.74,331.06,-6.25,-13.50,4.18,36.03
2.7758196239992685,0.42,-0.42,0.41,0.01,10528.00,26.74,331.06,-6.25,-13.56,3.51,36.03
2.874040062999484,0.42,-0.42,0.41,0.01,10531.00,26.74,331.06,-6.25,-13.56,3.62,37.54
2.972348522000175,0.42,-0.42,0.41,0.01,10529.00,26.74,331.06,-6.25,-13.56,3.54,35.66
3.0706514079993212,0.42,-0.42,0.41,0.01,10528.00,26.74,331.06,-6.25,-13.56,3.83,36.03
3.1689542940002866,0.42,-0.42,0.41,0.01,10529.00,26.74,331.06,-6.25,-13.50,4.71,36.03
3.2671750970002904,0.42,-0.42,0.41,0.01,10530.00,26.74,331.06,-6.25,-13.50,3.30,36.03
3.365622462000829,0.42,-0.42,0.41,0.01,10531.00,26.75,331.06,-6.25,-13.50,4.01,35.66
3.4638897229997383,0.42,-0.42,0.41,0.01,10527.00,26.75,331.06,-6.25,-13.50,2.16,36.54
3.5636249510007474,0.42,-0.42,0.41,0.01,10530.00,26.75,331.06,-6.25,-13.56,3.47,36.03
3.663163772000189,0.42,-0.42,0.40,0.02,10525.00,26.75,331.06,-6.25,-13.50,4.15,36.16
3.76160785600041,0.42,-0.42,0.41,0.01,10528.00,26.74,331.06,-6.25,-13.50,3.65,35.66
3.8609872500001075,0.42,-0.42,0.41,0.01,10531.00,26.75,331.06,-6.25,-13.50,3.72,36.28
3.959249875999376,0.42,-0.42,0.41,0.01,10528.00,26.75,331.06,-6.25,-13.44,4.15,36.03
4.058176459000606,0.42,-0.42,0.41,0.01,10527.00,26.75,331.06,-6.25,-13.50,2.98,38.04
4.156379710000692,0.42,-0.42,0.41,0.01,10531.00,26.75,331.06,-6.25,-13.44,3.76,37.41
4.254754522999065,0.42,-0.42,0.41,0.01,10530.00,26.75,331.06,-6.25,-13.38,3.54,36.28
4.353055221999966,0.42,-0.42,0.41,0.01,10526.00,26.75,331.06,-6.25,-13.44,3.19,36.03
4.451359983000657,0.42,-0.42,0.41,0.01,10527.00,26.75,331.06,-6.25,-13.38,3.47,36.03
4.549680734000503,0.42,-0.42,0.41,0.01,10529.00,26.75,331.06,-6.25,-13.44,3.79,35.66
4.6480744010004855,0.42,-0.42,0.41,0.01,10529.00,26.75,331.06,-6.25,-13.38,3.47,35.91
4.74626952700055,0.42,-0.42,0.41,0.01,10532.00,26.75,331.06,-6.25,-13.38,3.83,35.91
4.8445669440006895,0.42,-0.42,0.41,0.01,10530.00,26.76,331.06,-6.25,-13.44,3.37,36.03
4.942970767999213,0.42,-0.42,0.41,0.01,10528.00,26.75,331.06,-6.25,-13.38,3.86,36.03
5.041243601999668,0.42,-0.42,0.41,0.01,10526.00,26.75,331.50,-6.25,-13.31,3.54,36.16
5.139718727999934,0.42,-0.42,0.41,0.01,10527.00,26.75,331.63,-6.25,-13.56,3.58,35.03
5.238198384000498,0.42,-0.42,0.41,0.01,10528.00,26.75,331.69,-6.25,-13.38,3.51,36.03
5.336723926000559,0.42,-0.42,0.41,0.01,10530.00,26.75,331.94,-6.25,-13.88,3.33,36.28
5.435209989000214,0.42,-0.42,0.41,0.01,10526.00,26.76,332.00,-6.25,-13.50,3.72,35.91
5.533897978999448,0.42,-0.42,0.41,0.01,10530.00,26.75,332.00,-6.25,-13.81,3.51,36.16
5.633034612999836,0.42,-0.42,0.41,0.01,10528.00,26.76,331.94,-6.25,-13.75,3.97,36.28
5.729894534000778,0.42,-0.42,0.41,0.01,10526.00,26.75,331.94,-6.25,-1.25,-13.81,3.65,36.03
5.82603122600085,0.42,-0.42,0.41,0.01,10529.00,26.77,331.94,-6.25,-13.81,4.89,35.78
5.921612293999715,0.42,-0.42,0.41,0.01,10533.00,26.77,6.25,-13.81,3.65,36.03
6.01773044500078,0.42,-0.42,0.41,0.01,10529.00,26.77,331.94,-6.25,-13.81,4.89,35.78
6.113921877000394,0.42,-0.42,0.41,0.01,10533.00,26.77,331.94,-6.31,-13.88,3.47,36.03
6.211313202000383,0.42,-0.42,0.41,0.01,10533.00,26.77,331.94,-6.31,-13.81,4.47,35.28
6.307416769999691,0.42,-0.42,0.40,0.02,10525.00,26.77,331.94,-6.31,-13.81,3.44,36.03
6.4064572589995805,0.42,-0.42,0.41,0.01,10530.00,26.77,331.94,-6.31,-13.88,5.99,36.03
6.505411029000243,0.42,-0.42,0.41,0.01,10530.00,26.77,331.94,-6.31,-13.81,3.58,36.03
6.603669853000611,0.42,-0.42,0.40,0.02,10525.00,26.77,331.94,-6.31,-13.81,3.54,36.03
6.702429300999938,0.42,-0.42,0.41,0.01,10528.00,26.77,331.94,-6.31,-13.88,3.79,36.16
6.800859529999798,0.42,-0.42,0.41,0.01,10526.00,26.77,331.94,-6.31,-13.81,3.54,36.03
6.899568144999648,0.42,-0.42,0.41,0.01,10526.00,26.77,331.94,-6.31,-13.81,3.15,40.29
6.998445769000682,0.42,-0.42,0.41,0.01,10531.00,26.77,331.94,-6.31,-13.81,3.69,36.03
7.097272560999045,0.42,-0.42,0.41,0.01,10531.00,26.77,331.94,-6.31,-13.81,3.47,36.03
7.196808152999438,0.42,-0.42,0.41,0.01,10530.00,26.77,331.94,-6.31,-13.81,3.97,35.78
7.295502652999858,0.42,-0.42,0.41,0.01,10527.00,26.77,331.94,-6.31,-13.81,3.54,36.03
7.39439381900047,0.42,-0.42,0.41,0.01,10528.00,26.77,331.94,-6.31,-13.81,3.47,35.66
7.492908735999663,0.42,-0.42,0.41,0.01,10526.00,26.77,331.94,-6.31,-13.81,3.47,36.03
7.5913573510006245,0.42,-0.42,0.41,0.01,10529.00,26.77,331.94,-6.31,-13.81,3.69,35.91
7.689843674999793,0.42,-0.42,0.41,0.01,10534.00,26.78,331.94,-6.31,-13.88,5.88,36.03
7.788413955999204,0.42,-0.42,0.41,0.01,10528.00,26.77,331.94,-6.31,-13.81,3.51,38.04
7.887001790000795,0.42,-0.42,0.41,0.01,10528.00,26.77,331.94,-6.31,-13.81,3.62,35.41
7.985534207000455,0.42,-0.42,0.40,0.02,10522.00,26.77,331.94,-6.31,-13.81,3.26,35.66
8.08498906999921,0.42,-0.42,0.41,0.01,10528.00,26.77,331.94,-6.31,-13.81,3.54,35.91
8.183667059000072,0.42,-0.42,0.41,0.01,10529.00,26.77,331.94,-6.31,-13.81,3.93,37.29
8.281516613000349,0.42,-0.42,0.41,0.01,10530.00,26.77,331.94,-6.25,-13.88,3.40,36.03
8.379312052000387,0.42,-0.42,0.41,0.01,10527.00,26.77,331.94,-6.25,-13.88,3.79,35.91
8.477533688999756,0.42,-0.42,0.41,0.01,10530.00,26.77,331.94,-6.25,-13.75,3.51,36.03
8.576291678000416,0.42,-0.42,0.41,0.01,10529.00,26.77,331.94,-6.25,-13.88,3.51,36.03
8.674379616999431,0.42,-0.42,0.41,0.01,10528.00,26.77,331.94,-6.25,-13.88,3.54,36.03
8.772431878000134,0.42,-0.42,0.41,0.01,10532.00,26.77,331.94,-6.25,-13.75,3.30,35.91
8.870735233000232,0.42,-0.42,0.41,0.01,10529.00,26.77,331.94,-6.31,-14.06,3.47,36.54
8.96924806700008,0.42,-0.42,0.41,0.01,10526.00,26.77,331.94,-6.31,-13.75,3.54,35.91
9.067643764999957,0.42,-0.42,0.40,0.02,10523.00,26.78,331.88,-6.25,-14.00,3.47,36.28
9.165342797999983,0.42,-0.42,0.41,0.01,10527.00,26.78,331.88,-6.25,-13.81,3.69,36.79
9.263376831000642,0.42,-0.42,0.41,0.01,10530.00,26.77,331.94,-6.25,-13.94,3.76,35.91
9.361017843000809,0.42,-0.42,0.41,0.01,10527.00,26.77,331.94,-6.25,-13.94,3.93,35.03
9.458730835000097,0.42,-0.42,0.40,0.02,10520.00,26.77,331.88,-6.25,-13.75,3.58,36.03
9.55640679499993,0.42,-0.42,0.41,0.01,10530.00,26.78,331.88,-6.25,-14.06,3.54,36.03
9.654135516000679,0.42,-0.42,0.41,0.01,10529.00,26.77,331.88,-6.25,-13.81,3.23,34.53
9.751901476000057,0.42,-0.42,0.41,0.01,10531.00,26.77,331.88,-6.25,-14.00,3.72,35.91
9.849612123000043,0.42,-0.42,0.41,0.01,10530.00,26.78,331.88,-6.25,-13.94,3.54,40.04
9.947460322999177,0.42,-0.42,0.41,0.01,10526.00,26.77,331.69,-6.25,-15.88,3.86,38.54
10.045232168000439,0.42,-0.42,0.41,0.01,10529.00,26.77,331.69,-6.25,-16.06,3.62,36.03
10.143506251999497,0.42,-0.42,0.41,0.01,10529.00,26.78,331.88,-6.25,-14.19,3.33,34.66
10.24660183800006,0.42,-0.42,0.40,0.02,10525.00,26.77,332.44,-6.25,-13.56,3.51,36.91
10.345721961999516,0.42,-0.42,0.41,0.01,10527.00,26.77,333.13,-6.25,-12.69,3.76,38.67
10.444637295000575,0.42,-0.42,0.41,0.01,10527.00,26.77,333.69,-6.25,-12.63,3.69,36.03
10.542794192000656,0.42,-0.42,0.41,0.01,10530.00,26.78,333.75,-6.25,-12.69,3.51,36.03
10.640941608999128,0.42,-0.42,0.41,0.01,10526.00,26.77,333.75,-6.25,-12.81,3.86,36.03
10.739363869999579,0.42,-0.42,0.41,0.01,10531.00,26.77,333.75,-6.25,-12.81,3.44,39.04
10.837444152999524,0.42,-0.42,0.41,0.01,10526.00,26.77,333.75,-6.25,-12.81,3.47,36.03
10.935470215999885,0.42,-0.42,0.41,0.01,10528.00,26.77,333.75,-6.25,-12.75,3.93,35.28
11.03327476999948,0.42,-0.42,0.41,0.01,10530.00,26.77,333.75,-6.25,-12.81,3.51,36.03
11.131339531999402,0.42,-0.42,0.41,0.01,10526.00,26.77,333.75,-6.25,-12.69,3.62,35.91
11.229091897999751,0.42,-0.42,0.41,0.01,10530.00,26.77,333.75,-6.25,-12.94,3.97,35.41
11.326771607999035,0.42,-0.42,0.40,0.02,10524.00,26.77,333.75,-6.25,-12.94,4.11,36.54
11.424509860000398,0.42,-0.42,0.41,0.01,10527.00,26.77,333.75,-6.25,-12.94,3.86,35.91
11.5222733720002,0.42,-0.42,0.40,0.02,10525.00,26.77,333.75,-6.25,-12.88,3.76,36.03
11.619971935999274,0.42,-0.42,0.41,0.01,10526.00,26.78,333.75,-6.25,-13.06,4.01,35.66
11.717852375999428,0.42,-0.42,0.40,0.02,10525.00,26.77,333.75,-6.25,-12.81,3.47,36.03
11.815541877000214,0.42,-0.42,0.41,0.01,10529.00,26.78,333.75,-6.25,-13.00,4.01,36.41
11.913459035000415,0.42,-0.42,0.41,0.01,10529.00,26.77,333.75,-6.25,-13.00,3.69,36.03
12.011556088000361,0.42,-0.42,0.41,0.01,10526.00,26.77,333.75,-6.25,-12.88,2.62,35.91
12.109723453999322,0.42,-0.42,0.41,0.01,10530.00,26.78,333.75,-6.25,-12.94,3.65,36.41
12.208378630999505,0.42,-0.42,0.41,0.01,10531.00,26.77,333.75,-6.25,-12.94,3.90,35.41
12.307206568000765,0.42,-0.42,0.41,0.01,10531.00,26.78,333.75,-6.25,-13.00,3.62,36.91
12.405916015999537,0.42,-0.42,0.41,0.01,10526.00,26.77,333.75,-6.25,-12.88,3.05,36.91
12.50585264899928,0.42,-0.42,0.41,0.01,10528.00,26.78,333.75,-6.19,-13.13,3.58,36.03
12.605738345000645,0.42,-0.42,0.41,0.01,10527.00,26.78,333.75,-6.19,-12.81,4.04,34.53
12.704947895999794,0.42,-0.42,0.41,0.01,10528.00,26.78,333.75,-6.19,-13.25,3.47,36.03
12.803395573000671,0.42,-0.42,0.41,0.01,10526.00,26.77,333.75,-6.19,-13.00,3.12,35.41
12.902040385999499,0.42,-0.42,0.40,0.02,10524.00,26.78,333.75,-6.19,-13.19,3.86,35.78
13.000807229000202,0.42,-0.42,0.41,0.01,10528.00,26.78,333.75,-6.19,-13.00,3.65,36.03
13.099358448000203,0.42,-0.42,0.41,0.01,10530.00,26.78,333.75,-6.19,-13.13,3.83,35.91
13.198092844000712,0.42,-0.42,0.41,0.01,10528.00,26.78,333.75,-6.19,-13.19,3.65,35.91
13.296484844000588,0.42,-0.42,0.41,0.01,10527.00,26.78,333.75,-6.19,-13.19,3.51,36.16
13.395055073999174,0.42,-0.42,0.41,0.01,10526.00,26.77,333.75,-6.19,-13.13,3.86,36.66
13.493679522000093,0.42,-0.42,0.41,0.01,10526.00,26.77,333.75,-6.19,-13.25,4.01,35.41
13.593407405000107,0.42,-0.42,0.41,0.01,10529.00,26.78,333.75,-6.25,-13.13,3.54,36.16
13.691365552000207,0.42,-0.42,0.41,0.01,10526.00,26.78,333.75,-6.19,-13.25,2.69,35.91
13.789634741000555,0.42,-0.42,0.41,0.01,10528.00,26.78,333.75,-6.19,-13.19,3.54,35.03
13.887384919000397,0.42,-0.42,0.41,0.01,10526.00,26.77,333.75,-6.25,-13.13,3.58,37.66
13.985040462999677,0.42,-0.42,0.41,0.01,10526.00,26.77,333.75,-6.19,-13.19,3.40,36.03
14.082834913000625,0.42,-0.42,0.41,0.01,10529.00,26.77,333.75,-6.19,-13.19,3.76,36.28
14.180593945999135,0.42,-0.42,0.41,0.01,10530.00,26.77,333.75,-6.19,-13.19,3.19,36.03
14.279143809999368,0.42,-0.42,0.41,0.01,10531.00,26.78,333.75,-6.19,-13.31,4.54,35.91
14.37690622899936,0.42,-0.42,0.41,0.01,10527.00,26.77,333.75,-6.19,-13.13,3.76,35.66
14.474603699,0.42,-0.42,0.41,0.01,10528.00,26.78,333.75,-6.19,-13.25,3.51,36.03
14.573168667999198,0.42,-0.42,0.41,0.01,10528.00,26.78,333.75,-6.19,-13.19,3.58,36.16
14.670960878000187,0.42,-0.42,0.41,0.01,10526.00,26.78,333.75,-6.19,-13.25,3.62,35.78
14.76865402600015,0.42,-0.42,0.41,0.01,10526.00,26.78,333.75,-6.25,-13.38,2.94,36.03
14.866454986000463,0.42,-0.42,0.41,0.01,10526.00,26.77,333.75,-6.25,-13.31,3.58,35.78
14.9642468309994,0.42,-0.42,0.41,0.01,10528.00,26.78,333.75,-6.25,-13.25,3.47,36.16
15.061948780999955,0.42,-0.42,0.41,0.01,10526.00,26.78,333.75,-6.25,-13.31,3.62,36.03
15.159656772000744,0.42,-0.42,0.40,0.02,10523.00,26.77,333.75,-6.19,-13.25,3.33,36.79
15.261591266000323,0.42,-0.42,0.41,0.01,10527.00,26.78,333.75,-6.19,-13.31,4.11,37.16
15.359731496000677,0.42,-0.42,0.41,0.01,10529.00,26.77,333.75,-6.19,-13.25,3.51,36.03
15.457894539000335,0.42,-0.42,0.41,0.01,10526.00,26.78,333.75,-6.19,-13.25,3.40,38.04
15.555576071999894,0.42,-0.42,0.41,0.01,10527.00,26.78,333.75,-6.19,-13.31,3.58,36.03
15.65458973800014,0.42,-0.42,0.40,0.02,10524.00,26.78,333.75,-6.25,-13.31,3.72,35.91
15.751684814000328,0.42,-0.42,0.41,0.01,10527.00,26.78,333.75,-6.19,-13.31,3.93,35.91
15.848481556999104,0.42,-0.42,0.40,0.02,10525.00,26.77,333.75,-6.25,-13.31,3.51,36.03
15.944673926000178,0.42,-0.42,0.41,0.01,10527.00,26.78,333.75,-6.25,-13.19,3.72,36.03
16.040687180999157,0.42,-0.42,0.40,0.02,10524.00,26.78,333.75,-6.25,-13.38,5.53,35.41
16.136568145000638,0.42,-0.42,0.41,0.01,10526.00,26.77,333.75,-6.25,-13.31,3.54,35.91
16.233100461000504,0.42,-0.42,0.41,0.01,10528.00,26.78,333.75,-6.25,-13.31,3.79,37.04
16.329723246999492,0.42,-0.42,0.41,0.01,10527.00,26.78,333.75,-6.25,-13.38,5.07,36.03
16.425694158000624,0.42,-0.42,0.41,0.01,10528.00,26.78,333.75,-6.25,-11.38,3.76,35.91
16.524441417999697,0.42,-0.42,0.41,0.01,10531.00,26.78,333.88,-6.25,-8.63,3.65,37.29
16.622637013000713,0.42,-0.42,0.41,0.01,10526.00,26.78,334.13,-6.19,-4.38,3.51,36.03
16.72060432699982,0.42,-0.42,0.40,0.02,10525.00,26.78,333.56,-6.13,0.94,3.54,36.03
16.818627422000645,0.42,-0.42,0.41,0.01,10527.00,26.78,331.56,-6.00,10.94,4.32,37.54
16.91694212999937,0.42,-0.42,0.41,0.01,10526.00,26.78,330.06,-5.75,19.75,3.76,35.53
17.014441945000726,0.42,-0.42,0.41,0.01,10530.00,26.78,329.19,-5.50,28.25,3.51,35.66
17.11268759199993,0.42,-0.42,0.41,0.01,10531.00,26.78,327.69,-5.31,34.13,3.58,35.78
17.21085678000054,0.42,-0.42,0.41,0.01,10529.00,26.78,327.19,-5.13,38.88,4.04,36.66
17.310322736999296,0.42,-0.42,0.41,0.01,10526.00,26.78,326.88,-4.94,43.31,3.54,36.03
17.408890778999194,0.42,-0.42,0.41,0.01,10532.00,26.78,326.31,-4.88,45.31,3.58,36.16
17.50758022700029,0.42,-0.42,0.41,0.01,10531.00,26.78,326.31,-4.94,45.19,4.04,36.66
17.605997799999386,0.42,-0.42,0.41,0.01,10531.00,26.78,326.25,-5.00,44.44,4.18,36.03
17.7040570930003,0.42,-0.42,0.41,0.01,10532.00,26.78,326.19,-5.06,43.75,3.51,36.03
17.802033051999388,0.42,-0.42,0.40,0.02,10524.00,26.77,325.06,-5.13,42.06,3.97,33.53
17.900060418000066,0.42,-0.42,0.41,0.01,10527.00,26.78,324.19,-5.19,40.88,3.72,36.28
17.998158200000034,0.42,-0.42,0.41,0.01,10529.00,26.78,324.19,-5.31,37.38,3.47,36.03
18.09611020199918,0.42,-0.42,0.41,0.01,10527.00,26.78,325.69,-5.63,29.00,3.65,38.54
18.19490423299976,0.42,-0.42,0.41,0.01,10527.00,26.78,326.63,-5.88,22.62,4.08,35.91
18.292979619000107,0.42,-0.42,0.41,0.01,10527.00,26.78,327.88,-6.00,16.37,3.51,38.92
18.391860629000803,0.42,-0.42,0.41,0.01,10531.00,26.78,329.19,-6.13,10.63,3.72,35.78
18.48991705700064,0.42,-0.42,0.41,0.01,10528.00,26.78,328.69,-6.25,4.00,4.57,35.91
18.58923999400031,0.42,-0.42,0.41,0.01,10531.00,26.78,328.31,-6.31,-1.31,3.23,36.16
18.68789121199916,0.42,-0.42,0.41,0.01,10529.00,26.78,328.56,-6.38,-6.19,4.18,37.04
18.785975974000394,0.42,-0.42,0.41,0.01,10528.00,26.78,329.38,-6.44,-11.06,3.54,36.03
18.88527786799932,0.42,-0.42,0.41,0.01,10527.00,26.78,329.31,-6.44,-16.00,3.69,36.03
18.983725493999373,0.42,-0.42,0.41,0.01,10527.00,26.78,328.63,-6.44,-21.62,3.90,35.66
19.081862025999726,0.42,-0.42,0.41,0.01,10530.00,26.78,328.44,-6.38,-26.06,3.72,39.04
19.181234493000375,0.42,-0.42,0.41,0.01,10526.00,26.78,329.00,-6.38,-30.56,3.54,36.03
19.279897118000008,0.42,-0.42,0.41,0.01,10529.00,26.78,329.06,-6.31,-33.88,3.72,34.15
19.37779995299934,0.42,-0.42,0.41,0.01,10527.00,26.78,329.06,-6.25,-37.00,3.30,36.03
19.476494817999992,0.42,-0.42,0.41,0.01,10531.00,26.78,328.88,-6.25,-38.69,4.11,35.91
19.57458556900019,0.42,-0.42,0.40,0.02,10524.00,26.78,329.19,-6.19,-39.31,3.51,35.78
19.67249548700056,0.42,-0.42,0.40,0.02,10525.00,26.78,329.50,-6.19,-39.19,3.93,36.03
19.770466394000323,0.42,-0.42,0.40,0.02,10523.00,26.78,329.81,-6.19,-38.69,3.40,36.03
19.868406884999786,0.42,-0.42,0.41,0.01,10528.00,26.78,330.00,-6.13,-38.06,3.90,36.03
19.966328677999627,0.42,-0.42,0.40,0.02,10522.00,26.78,330.13,-6.19,-36.50,4.61,38.29
20.064304793999327,0.42,-0.42,0.41,0.01,10527.00,26.78,330.38,-6.25,-33.63,3.47,36.03
20.162215648999336,0.42,-0.42,0.41,0.01,10526.00,26.78,330.75,-6.25,-30.37,4.36,35.53
20.26013395299924,0.42,-0.42,0.41,0.01,10529.00,26.78,331.06,-6.25,-27.00,3.72,36.91
20.35844163100046,0.42,-0.42,0.41,0.01,10529.00,26.78,331.00,-6.31,-22.75,3.54,36.03
20.457632014999035,0.42,-0.42,0.40,0.02,10525.00,26.78,330.88,-6.38,-18.31,4.01,36.91
20.555932556999323,0.42,-0.42,0.40,0.02,10525.00,26.78,330.63,-6.38,-15.00,3.72,36.28
20.65429862000019,0.42,-0.42,0.41,0.01,10527.00,26.78,330.50,-6.38,-12.13,3.54,36.03
20.752463590000843,0.42,-0.42,0.41,0.01,10532.00,26.78,330.25,-6.38,-8.94,3.62,37.66
20.850726945000133,0.42,-0.42,0.41,0.01,10527.00,26.78,330.13,-6.38,-5.88,3.47,36.16
20.948929465999754,0.42,-0.42,0.41,0.01,10529.00,26.78,330.00,-6.38,-3.19,4.04,36.54
21.04712209200079,0.42,-0.42,0.41,0.01,10530.00,26.78,330.38,-6.38,-0.56,4.96,35.53
21.14517440599957,0.42,-0.42,0.41,0.01,10528.00,26.78,330.31,-6.31,3.00,3.79,35.91
21.244563435999225,0.42,-0.42,0.41,0.01,10530.00,26.78,329.38,-6.31,6.50,3.51,37.04
21.34293184300077,0.42,-0.42,0.41,0.01,10527.00,26.78,328.69,-6.31,8.94,3.83,35.53
21.441521394999654,0.42,-0.42,0.41,0.01,10528.00,26.78,328.13,-6.25,10.75,3.65,34.91
21.539941989,0.42,-0.42,0.41,0.01,10527.00,26.78,327.56,-6.25,12.56,3.79,36.41
21.638054041999567,0.42,-0.42,0.40,0.02,10525.00,26.78,327.50,-6.25,12.44,3.76,35.66
21.73642645899963,0.42,-0.42,0.41,0.01,10528.00,26.78,327.44,-6.25,13.00,3.51,35.28
21.834798460000457,0.42,-0.42,0.41,0.01,10531.00,26.78,326.31,-6.13,17.56,3.72,35.78
21.932930876999308,0.42,-0.42,0.41,0.01,10526.00,26.78,325.63,-6.06,19.31,3.69,36.03
22.03129110699956,0.42,-0.42,0.41,0.01,10530.00,26.78,325.44,-6.13,18.94,3.65,36.16
22.12944800399964,0.42,-0.42,0.41,0.01,10530.00,26.78,325.69,-6.25,14.06,3.23,35.41
22.22752417099946,0.42,-0.42,0.40,0.02,10522.00,26.78,326.13,-6.38,9.19,3.54,36.03
22.326462524999442,0.42,-0.42,0.41,0.01,10529.00,26.78,326.63,-6.44,6.44,3.86,35.41
22.42474400500032,0.42,-0.42,0.40,0.02,10522.00,26.78,326.88,-6.44,5.88,3.97,37.16
22.522948400999667,0.42,-0.42,0.41,0.01,10527.00,26.78,326.88,-6.44,5.38,3.76,36.28
22.62103186099921,0.42,-0.42,0.41,0.01,10527.00,26.78,326.50,-6.44,3.06,3.54,36.03
22.719029435000266,0.42,-0.42,0.41,0.01,10528.00,26.78,326.44,-6.44,2.25,2.45,36.03
22.818000757000846,0.42,-0.42,0.40,0.02,10524.00,26.78,326.38,-6.44,1.19,3.54,36.03
22.91619906000051,0.42,-0.42,0.40,0.02,10525.00,26.78,326.31,-6.44,-0.19,3.76,35.66
23.014409342000363,0.42,-0.42,0.41,0.01,10527.00,26.78,326.31,-6.44,-1.19,3.51,36.28
23.112578270000085,0.42,-0.42,0.41,0.01,10526.00,26.78,326.69,-6.44,-1.25,3.30,35.66
23.210681208000096,0.42,-0.42,0.41,0.01,10529.00,26.78,326.69,-6.44,-1.25,3.83,35.91
23.308881229999315,0.42,-0.42,0.41,0.01,10530.00,26.78,326.75,-6.44,-1.37,3.51,36.03
23.407096980999995,0.42,-0.42,0.40,0.02,10525.00,26.78,327.00,-6.44,-1.31,3.79,36.03
23.505199138000535,0.42,-0.42,0.40,0.02,10524.00,26.78,327.00,-6.44,-1.37,3.69,36.03
23.60332020200076,0.42,-0.42,0.41,0.01,10526.00,26.78,327.13,-6.44,-1.25,4.08,35.66
23.701508608999575,0.42,-0.42,0.40,0.02,10525.00,26.78,327.25,-6.44,-1.31,4.57,35.91
23.799651442999675,0.42,-0.42,0.41,0.01,10526.00,26.78,327.69,-6.44,0.00,3.54,36.03
23.897841776999485,0.42,-0.42,0.41,0.01,10528.00,26.78,327.94,-6.44,-0.50,3.76,36.03
23.998421065000002,0.42,-0.42,0.40,0.02,10522.00,26.78,328.00,-6.50,-3.00,3.47,36.03
24.098677384999974,0.42,-0.42,0.41,0.01,10527.00,26.78,327.44,-6.56,-7.31,3.47,36.03
24.198021779000555,0.42,-0.42,0.41,0.01,10531.00,26.78,328.06,-6.50,-2.88,3.40,36.03
24.29747190300077,0.42,-0.42,0.41,0.01,10526.00,26.78,328.06,-6.44,-2.31,3.54,36.03
24.397362441999576,0.42,-0.42,0.40,0.02,10525.00,26.79,327.94,-6.44,-3.31,3.58,36.03
24.497080012999504,0.42,-0.42,0.40,0.02,10524.00,26.78,327.94,-6.44,-3.44,3.58,35.91
24.596728312999403,0.42,-0.42,0.41,0.01,10528.00,26.78,328.00,-6.44,-3.25,3.47,36.03
24.697524163000708,0.42,-0.42,0.41,0.01,10528.00,26.78,328.00,-6.38,-3.44,3.58,35.91
24.79594345499936,0.42,-0.42,0.41,0.01,10529.00,26.78,328.06,-6.38,-3.31,3.51,36.03
24.89519451600063,0.44,-0.44,0.41,0.01,10529.00,26.78,327.94,-6.38,-3.50,3.51,36.16
24.993784067999513,0.44,-0.44,0.41,0.01,10528.00,26.78,327.88,-6.38,-3.38,3.51,36.03
25.091491539000344,0.44,-0.44,0.40,0.02,10525.00,26.79,327.88,-6.38,-3.56,3.47,36.03
25.189188592999926,0.44,-0.44,0.41,0.01,10527.00,26.78,327.88,-6.38,-3.38,3.54,36.03
25.286790125999687,0.44,-0.44,0.41,0.01,10526.00,26.78,328.00,-6.38,-3.63,3.51,36.16
25.388528942999983,0.45,-0.45,0.41,0.01,10529.00,26.78,328.00,-6.38,-3.50,3.51,36.03
25.486481464999088,0.45,-0.45,0.40,0.02,10525.00,26.78,327.94,-6.38,-3.56,3.47,36.03
25.58590695299972,0.45,-0.45,0.41,0.01,10528.00,26.78,327.94,-6.38,-3.56,3.58,36.03
25.68747780100057,0.45,-0.45,0.41,0.01,10526.00,26.78,327.94,-6.38,-3.50,3.54,36.03
25.785735634999583,0.45,-0.45,0.40,0.02,10523.00,26.78,327.94,-6.38,-3.69,3.44,36.03
25.882419982999636,0.45,-0.45,0.41,0.01,10526.00,26.79,327.94,-6.38,-3.50,3.47,36.03
25.97858995599927,0.45,-0.45,0.41,0.01,10528.00,26.78,327.94,-6.38,-3.69,3.47,36.03
26.074936855999113,0.45,-0.45,0.40,0.02,10523.00,26.78,327.94,-6.38,-3.56,3.54,35.91
26.17096729900004,0.45,-0.45,0.41,0.01,10528.00,26.78,327.94,-6.31,-3.56,3.54,36.03
26.267549562999193,0.45,-0.45,0.41,0.01,10527.00,26.79,327.94,-6.31,-3.75,3.51,36.03
26.369592389999525,0.45,-0.45,0.40,0.02,10523.00,26.79,327.94,-6.31,-3.50,3.51,36.03
26.469018867999694,0.45,-0.45,0.41,0.01,10527.00,26.78,327.94,-6.31,-3.75,3.47,36.03
26.574833197999396,0.45,-0.45,0.41,0.01,10529.00,26.78,327.94,-6.31,-3.63,3.54,36.03
26.67452071600019,0.45,-0.45,0.41,0.01,10526.00,26.78,327.94,-6.31,-3.69,3.51,36.03
26.77331886200045,0.45,-0.45,0.41,0.01,10531.00,26.78,327.94,-6.31,-3.75,3.47,36.03
26.874010649999036,0.45,-0.45,0.41,0.01,10532.00,26.78,327.94,-6.31,-3.56,3.51,36.03
26.975888892999137,0.45,-0.45,0.40,0.02,10522.00,26.78,327.94,-6.31,-3.75,3.58,35.91
27.085928111000612,0.45,-0.45,0.41,0.01,10527.00,26.78,327.94,-6.31,-3.63,3.37,36.03
27.18412453900055,0.45,-0.45,0.41,0.01,10528.00,26.78,327.94,-6.31,-3.69,3.51,36.03
27.280507428999044,0.45,-0.45,0.40,0.02,10525.00,26.78,327.94,-6.31,-3.69,3.62,35.91
27.381261716000154,0.45,-0.45,0.41,0.01,10526.00,26.78,327.94,-6.31,-3.63,3.51,36.03
27.480626058999405,0.45,-0.45,0.41,0.01,10528.00,26.78,327.94,-6.31,-3.75,3.47,36.16
27.58619757700035,0.45,-0.45,0.40,0.02,10525.00,26.78,327.94,-6.31,-3.63,3.58,36.03
27.684523326999624,0.45,-0.45,0.41,0.01,10527.00,26.78,327.94,-6.31,-3.69,3.54,36.03
27.78287376499975,0.45,-0.45,0.41,0.01,10530.00,26.78,327.94,-6.31,-3.63,3.47,35.91
27.88600211099947,0.45,-0.45,0.40,0.02,10524.00,26.79,327.94,-6.31,-3.69,3.54,36.03
27.987842073000138,0.45,-0.45,0.40,0.02,10525.00,26.78,327.94,-6.31,-3.69,3.54,36.03
28.08983312899909,0.45,-0.45,0.41,0.01,10529.00,26.78,327.94,-6.31,-3.63,3.51,35.91
28.18930866899973,0.45,-0.45,0.41,0.01,10527.00,26.78,327.94,-6.31,-3.69,3.51,36.03
28.291084100999797,0.45,-0.45,0.40,0.02,10525.00,26.78,327.94,-6.31,-3.63,3.47,36.03
28.39308333400004,0.44,-0.44,0.41,0.01,10526.00,26.79,327.94,-6.31,-3.69,3.51,36.03
28.492108926999208,0.44,-0.44,0.40,0.02,10525.00,26.78,327.94,-6.31,-3.63,3.51,36.16
28.594551075999334,0.44,-0.44,0.41,0.01,10527.00,26.78,327.94,-6.31,-3.63,3.51,35.91
28.696365829999195,0.44,-0.44,0.41,0.01,10527.00,26.78,327.94,-6.31,-3.63,3.51,36.03
28.79616334899947,0.44,-0.44,0.41,0.01,10526.00,26.78,327.94,-6.31,-3.56,3.62,36.03
28.89780940499986,0.44,-0.44,0.41,0.01,10531.00,26.78,327.94,-6.31,-3.69,3.54,36.03
28.999686867999117,0.44,-0.44,0.41,0.01,10528.00,26.78,327.94,-6.31,-3.56,3.51,36.03
29.101666308999484,0.44,-0.44,0.41,0.01,10528.00,26.78,327.94,-6.31,-3.63,3.51,36.03
29.20114434899915,0.44,-0.44,0.41,0.01,10526.00,26.78,327.94,-6.31,-3.63,3.54,36.16
29.30279139599952,0.44,-0.44,0.41,0.01,10527.00,26.78,327.94,-6.31,-3.63,3.51,36.03
29.40493776400035,0.44,-0.44,0.40,0.02,10522.00,26.78,327.94,-6.31,-3.63,3.58,36.03
29.503894814999512,0.44,-0.44,0.41,0.01,10529.00,26.78,327.94,-6.31,-3.56,3.51,36.16
29.606309307999254,0.44,-0.44,0.40,0.02,10525.00,26.78,327.94,-6.31,-3.63,3.47,36.03
29.70807031199911,0.44,-0.44,0.41,0.01,10528.00,26.78,327.94,-6.31,-3.56,3.54,36.03
29.808269860999644,0.44,-0.44,0.41,0.01,10528.00,26.78,327.94,-6.31,-3.63,3.47,36.03
29.90860555600011,0.43,-0.43,0.41,0.01,10528.00,26.79,327.94,-6.31,-3.63,3.47,36.03
30.011657286999252,0.43,-0.43,0.41,0.01,10527.00,26.78,327.94,-6.31,-3.63,3.51,36.03
30.113649176999388,0.43,-0.43,0.40,0.02,10525.00,26.79,327.94,-6.31,-3.63,3.47,36.03
30.21213273899957,0.43,-0.43,0.40,0.02,10524.00,26.78,327.94,-6.31,-3.63,3.51,35.91
30.31090354099979,0.43,-0.43,0.41,0.01,10527.00,26.79,327.94,-6.31,-3.63,3.51,36.03
30.416963079000197,0.42,-0.42,0.40,0.02,10522.00,26.78,327.94,-6.31,-3.63,3.51,36.03
30.515505912000663,0.42,-0.42,0.40,0.02,10525.00,26.78,327.94,-6.31,-3.63,3.54,36.03
30.617354936999618,0.42,-0.42,0.41,0.01,10526.00,26.79,327.94,-6.31,-3.63,3.51,36.03
30.720429688999502,0.42,-0.42,0.41,0.01,10528.00,26.78,327.94,-6.31,-3.63,3.47,36.03
30.819316793000326,0.42,-0.42,0.41,0.01,10526.00,26.78,327.94,-6.31,-3.63,3.51,36.03
30.920919620999484,0.42,-0.42,0.40,0.02,10521.00,26.79,327.94,-6.31,-3.63,3.54,36.03
31.019454015999145,0.42,-0.42,0.41,0.01,10526.00,26.78,327.94,-6.31,-3.69,3.51,36.03
31.125661939000565,0.42,-0.42,0.41,0.01,10527.00,26.78,327.94,-6.31,-3.63,3.54,36.03
31.225140500000634,0.42,-0.42,0.40,0.02,10524.00,26.78,327.94,-6.31,-3.69,3.51,36.03
31.32368156300072,0.42,-0.42,0.41,0.01,10530.00,26.78,327.94,-6.31,-3.63,3.44,35.91
31.425181369999336,0.42,-0.42,0.41,0.01,10528.00,26.79,327.94,-6.31,-3.63,3.54,36.16
31.52708268599963,0.42,-0.42,0.41,0.01,10531.00,26.78,327.94,-6.31,-3.63,3.44,36.03
31.629059679999045,0.42,-0.42,0.41,0.01,10527.00,26.78,327.94,-6.31,-3.63,3.47,36.03
31.7275654820005,0.42,-0.42,0.41,0.01,10528.00,26.78,327.94,-6.31,-3.63,3.44,36.03
31.830168881000645,0.42,-0.42,0.41,0.01,10530.00,26.78,327.94,-6.31,-3.63,3.47,36.16
31.931945979000375,0.42,-0.42,0.40,0.02,10524.00,26.79,327.94,-6.31,-3.69,3.51,36.03
32.03033641699949,0.42,-0.42,0.41,0.01,10528.00,26.78,327.94,-6.31,-3.63,3.47,36.16
32.133589032999225,0.42,-0.42,0.41,0.01,10527.00,26.79,327.94,-6.31,-3.69,3.54,36.03
32.23170754400053,0.42,-0.42,0.41,0.01,10526.00,26.79,327.94,-6.31,-3.69,3.54,36.03
32.3335368299995,0.42,-0.42,0.40,0.02,10525.00,26.79,327.94,-6.31,-3.56,3.44,36.03
32.43552627099962,0.42,-0.42,0.40,0.02,10525.00,26.79,327.94,-6.31,-3.81,3.51,36.03
32.533840042999145,0.42,-0.42,0.41,0.01,10527.00,26.78,327.88,-6.31,-3.50,3.47,36.03
32.63731338700018,0.42,-0.42,0.41,0.01,10526.00,26.79,327.88,-6.31,-3.88,3.51,36.03
32.739048818999436,0.42,-0.42,0.41,0.01,10528.00,26.78,327.88,-6.31,-3.50,3.47,36.03
32.8387097750001,0.42,-0.42,0.40,0.02,10524.00,26.79,327.94,-6.31,-3.88,3.47,36.03
32.939742030999696,0.42,-0.42,0.40,0.02,10525.00,26.79,327.94,-6.31,-3.56,3.44,36.03
33.039032884000335,0.42,-0.42,0.41,0.01,10526.00,26.78,327.94,-6.31,-3.81,3.47,35.91
33.14475367200066,0.42,-0.42,0.41,0.01,10527.00,26.79,327.94,-6.31,-3.69,3.51,36.03
33.24459947200012,0.42,-0.42,0.41,0.01,10529.00,26.79,327.94,-6.31,-3.81,3.47,36.03
33.34352162799951,0.42,-0.42,0.41,0.01,10528.00,26.79,327.94,-6.31,-3.69,3.40,36.03
33.444352320999315,0.42,-0.42,0.40,0.02,10524.00,26.79,327.94,-6.31,-3.81,3.58,36.03
33.5461830130007,0.42,-0.42,0.40,0.02,10525.00,26.78,327.94,-6.31,-3.69,3.47,36.03
33.648194224999315,0.42,-0.42,0.41,0.01,10530.00,26.79,327.94,-6.31,-3.81,3.54,36.03
33.747975857999336,0.42,-0.42,0.40,0.02,10525.00,26.78,327.94,-6.31,-3.69,3.51,36.03
33.846820879000006,0.42,-0.42,0.41,0.01,10531.00,26.79,327.88,-6.31,-3.81,3.54,36.03
33.948064124000666,0.42,-0.42,0.40,0.02,10525.00,26.78,327.88,-6.31,-3.75,3.51,36.03
34.04992320100064,0.42,-0.42,0.41,0.01,10526.00,26.78,327.88,-6.31,-3.81,3.51,36.03
34.15197264199924,0.42,-0.42,0.41,0.01,10528.00,26.79,327.88,-6.31,-3.75,3.47,36.16
34.253267448999395,0.42,-0.42,0.41,0.01,10526.00,26.78,327.88,-6.31,-3.75,3.47,36.03
34.35316382199926,0.42,-0.42,0.40,0.02,10525.00,26.78,327.88,-6.31,-3.88,3.47,36.03
34.4552318570004,0.42,-0.42,0.41,0.01,10528.00,26.78,327.88,-6.31,-3.69,3.51,36.03
34.55418458500026,0.42,-0.42,0.41,0.01,10528.00,26.78,327.88,-6.25,-3.94,3.54,36.03
34.65642397400006,0.42,-0.42,0.41,0.01,10527.00,26.78,327.88,-6.25,-3.75,3.58,36.03
34.758182218,0.42,-0.42,0.41,0.01,10526.00,26.78,327.88,-6.25,-3.94,3.47,36.03
34.85677328100064,0.42,-0.42,0.41,0.01,10528.00,26.79,327.88,-6.25,-3.81,3.54,36.03
34.9598661050004,0.42,-0.42,0.41,0.01,10527.00,26.79,327.88,-6.25,-3.88,3.51,35.91
35.061692577999565,0.42,-0.42,0.41,0.01,10528.00,26.78,327.88,-6.25,-3.88,3.47,36.16
35.16364071799944,0.42,-0.42,0.41,0.01,10528.00,26.79,327.88,-6.25,-3.81,3.47,36.03
35.26310558099976,0.42,-0.42,0.40,0.02,10523.00,26.78,327.88,-6.25,-3.88,3.51,35.91
35.363897576000454,0.42,-0.42,0.41,0.01,10527.00,26.79,327.88,-6.25,-3.81,3.58,36.03
35.46715383800074,0.42,-0.42,0.40,0.02,10524.00,26.79,327.88,-6.25,-3.88,3.51,35.91
35.56585229600023,0.42,-0.42,0.41,0.01,10526.00,26.79,327.88,-6.25,-3.88,3.58,36.03
35.66752522800016,0.42,-0.42,0.41,0.01,10527.00,26.78,327.88,-6.25,-3.81,3.51,35.91
35.766030093000154,0.42,-0.42,0.40,0.02,10523.00,26.78,327.88,-6.25,-3.88,3.54,36.03
35.86923291700077,0.42,-0.42,0.41,0.01,10526.00,26.79,327.88,-6.25,-3.81,3.47,36.03
35.97113813999931,0.42,-0.42,0.41,0.01,10526.00,26.79,327.88,-6.25,-3.81,3.54,36.03
36.06982607700047,0.42,-0.42,0.40,0.02,10525.00,26.78,327.88,-6.25,-3.81,3.44,36.03
36.17199239299953,0.42,-0.42,0.40,0.02,10523.00,26.78,327.88,-6.25,-3.75,3.47,35.91
36.27388860599967,0.42,-0.42,0.41,0.01,10526.00,26.78,327.88,-6.25,-3.81,3.51,36.03
36.372190657999454,0.42,-0.42,0.40,0.02,10525.00,26.79,327.88,-6.25,-3.75,3.54,36.03
36.47399275600037,0.42,-0.42,0.41,0.01,10526.00,26.79,327.88,-6.25,-3.75,3.51,36.03
36.57712938300028,0.42,-0.42,0.40,0.02,10524.00,26.78,327.88,-6.25,-3.75,3.51,36.03
36.679220490999796,0.42,-0.42,0.41,0.01,10527.00,26.79,327.88,-6.25,-3.81,3.44,36.03
36.777841241000715,0.42,-0.42,0.41,0.01,10527.00,26.78,327.88,-6.25,-3.75,3.47,36.03
36.879363599999124,0.42,-0.42,0.41,0.01,10527.00,26.79,327.88,-6.25,-3.75,3.47,36.03
36.983119391999935,0.42,-0.42,0.41,0.01,10526.00,26.79,327.88,-6.25,-3.81,3.54,36.03
37.08321050400082,0.42,-0.42,0.40,0.02,10525.00,26.78,327.88,-6.25,-3.69,3.47,36.16
37.18290463700032,0.42,-0.42,0.40,0.02,10525.00,26.78,327.88,-6.25,-3.81,3.54,35.91
37.28602938900076,0.42,-0.42,0.41,0.01,10529.00,26.78,327.88,-6.25,-3.75,3.44,36.03
37.38432170200031,0.42,-0.42,0.40,0.02,10525.00,26.78,327.88,-6.25,-3.69,3.54,36.03
37.48672056900068,0.42,-0.42,0.40,0.02,10525.00,26.79,327.88,-6.25,-3.81,3.51,36.03
37.58462246700037,0.42,-0.42,0.40,0.02,10524.00,26.78,327.88,-6.25,-3.69,3.51,36.03
37.6913162740002,0.42,-0.42,0.41,0.01,10528.00,26.79,327.88,-6.25,-3.81,3.58,35.91
37.789596763999725,0.42,-0.42,0.40,0.02,10522.00,26.78,327.88,-6.25,-3.75,3.51,36.03
37.88773840000067,0.42,-0.42,0.40,0.02,10525.00,26.78,327.88,-6.25,-3.75,3.47,36.03
37.99449903099958,0.42,-0.42,0.40,0.02,10525.00,26.78,327.88,-6.25,-3.81,3.51,36.03
38.09298332199978,0.42,-0.42,0.41,0.01,10526.00,26.78,327.88,-6.25,-3.75,3.47,36.03
38.19503583699952,0.42,-0.42,0.41,0.01,10527.00,26.78,327.88,-6.25,-3.75,3.54,36.16
38.29314195199913,0.42,-0.42,0.41,0.01,10526.00,26.78,327.88,-6.25,-3.75,3.51,36.03
38.395019518999106,0.42,-0.42,0.41,0.01,10527.00,26.78,327.88,-6.25,-3.69,3.47,36.16
38.498398592999365,0.42,-0.42,0.41,0.01,10527.00,26.79,327.88,-6.25,-3.81,3.51,36.03
38.59665319799933,0.42,-0.42,0.40,0.02,10525.00,26.78,327.88,-6.25,-3.69,3.51,36.03
38.70326887999909,0.42,-0.42,0.41,0.01,10527.00,26.79,327.88,-6.25,-3.81,3.47,35.91
38.80183030700027,0.42,-0.42,0.40,0.02,10524.00,26.78,327.88,-6.25,-3.75,3.51,36.03
38.89955126700079,0.42,-0.42,0.41,0.01,10528.00,26.78,327.88,-6.25,-3.75,3.54,36.03
39.0062813250006,0.42,-0.42,0.40,0.02,10523.00,26.78,327.88,-6.25,-3.81,3.51,36.03
39.10457509600019,0.42,-0.42,0.41,0.01,10528.00,26.78,327.88,-6.25,-3.69,3.47,36.03
39.20665839100002,0.42,-0.42,0.40,0.02,10524.00,26.78,327.88,-6.25,-3.81,3.44,36.03
39.30870449900067,0.42,-0.42,0.40,0.02,10525.00,26.78,327.88,-6.25,-3.81,3.54,36.03
39.4075054570003,0.42,-0.42,0.41,0.01,10528.00,26.79,327.88,-6.25,-3.69,3.58,36.16
39.5096816690002,0.42,-0.42,0.41,0.01,10526.00,26.79,327.88,-6.25,-3.88,3.54,36.03
39.61214355700031,0.42,-0.42,0.41,0.01,10527.00,26.78,327.88,-6.25,-3.63,3.54,36.03
39.714182998999604,0.42,-0.42,0.40,0.02,10525.00,26.78,327.88,-6.25,-3.88,3.44,36.03
39.812521821999326,0.42,-0.42,0.40,0.02,10525.00,26.78,327.88,-6.25,-3.63,3.47,36.03
39.91462261699962,0.42,-0.42,0.40,0.02,10524.00,26.78,327.88,-6.25,-3.88,3.47,36.03
40.01813950399992,0.42,-0.42,0.40,0.02,10524.00,26.78,327.88,-6.25,-3.69,3.54,36.03
40.115814630000386,0.42,-0.42,0.41,0.01,10527.00,26.78,327.88,-6.25,-3.81,3.54,36.03
40.21773365499939,0.42,-0.42,0.41,0.01,10527.00,26.78,327.88,-6.25,-3.69,3.47,36.03
40.320988041999954,0.42,-0.42,0.41,0.01,10526.00,26.78,327.88,-6.25,-3.81,3.54,36.03
40.41917030299919,0.42,-0.42,0.40,0.02,10525.00,26.78,327.88,-6.25,-3.75,3.44,36.03
40.52097370299998,0.42,-0.42,0.41,0.01,10526.00,26.78,327.88,-6.25,-3.75,3.51,36.03
40.624165433999224,0.42,-0.42,0.41,0.01,10529.00,26.78,327.88,-6.25,-3.81,3.51,36.03
40.726226749999114,0.42,-0.42,0.41,0.01,10526.00,26.78,327.88,-6.25,-3.75,3.54,36.03
40.824350417999085,0.42,-0.42,0.40,0.02,10523.00,26.78,327.88,-6.25,-3.81,3.47,36.03
40.9260993909993,0.42,-0.42,0.41,0.01,10526.00,26.78,327.88,-6.25,-3.75,3.47,36.16
41.02943190199949,0.42,-0.42,0.41,0.01,10528.00,26.78,327.88,-6.25,-3.75,3.54,36.03
41.127786610999465,0.42,-0.42,0.40,0.02,10523.00,26.78,327.88,-6.25,-3.75,3.51,36.03
41.229601105000256,0.42,-0.42,0.41,0.01,10528.00,26.78,327.88,-6.25,-3.75,3.47,36.03
41.33147596299932,0.42,-0.42,0.40,0.02,10525.00,26.78,327.88,-6.25,-3.75,3.47,36.03
41.43115280500024,0.42,-0.42,0.41,0.01,10526.00,26.78,327.88,-6.25,-3.88,3.44,36.03
41.53315724599997,0.42,-0.42,0.41,0.01,10526.00,26.78,327.88,-6.25,-3.63,3.51,36.03
41.635011532000135,0.42,-0.42,0.40,0.02,10524.00,26.78,327.88,-6.25,-3.94,3.54,36.03
41.737179149999065,0.42,-0.42,0.41,0.01,10528.00,26.78,327.88,-6.25,-3.56,3.51,35.91
41.836673596000765,0.42,-0.42,0.41,0.01,10527.00,26.78,327.88,-6.25,-3.88,3.62,36.03
41.938477151999905,0.42,-0.42,0.40,0.02,10525.00,26.78,327.88,-6.25,-3.69,3.54,36.03
42.04055081200022,0.42,-0.42,0.41,0.01,10527.00,26.79,327.88,-6.25,-3.81,3.58,35.91
42.139096509999945,0.42,-0.42,0.40,0.02,10523.00,26.78,327.88,-6.25,-3.69,3.47,36.03
42.24209162599982,0.42,-0.42,0.41,0.01,10527.00,26.79,327.88,-6.25,-3.75,3.54,36.03
42.344084974,0.42,-0.42,0.41,0.01,10528.00,26.78,327.88,-6.25,-3.75,3.51,36.03
42.443703847000506,0.42,-0.42,0.41,0.01,10528.00,26.78,327.88,-6.25,-3.69,3.47,36.03
42.5451290710007,0.42,-0.42,0.41,0.01,10527.00,26.78,327.88,-6.25,-3.81,3.47,36.03
42.64706163700066,0.42,-0.42,0.40,0.02,10525.00,26.78,327.88,-6.25,-3.75,3.51,36.03
42.748864672999844,0.42,-0.42,0.40,0.02,10521.00,26.78,327.88,-6.25,-3.69,3.58,36.03
42.8520362470008,0.42,-0.42,0.40,0.02,10525.00,26.78,327.88,-6.25,-3.81,3.51,35.91
42.950571997000225,0.42,-0.42,0.40,0.02,10523.00,26.78,327.88,-6.25,-3.69,3.54,35.91
43.052493156999844,0.42,-0.42,0.40,0.02,10525.00,26.78,327.88,-6.25,-3.75,3.51,35.91
43.15422572399984,0.42,-0.42,0.40,0.02,10523.00,26.78,327.88,-6.25,-3.69,3.47,36.03
43.2577479749998,0.42,-0.42,0.40,0.02,10525.00,26.78,327.88,-6.25,-3.75,3.54,36.16
43.35754335800084,0.42,-0.42,0.40,0.02,10522.00,26.78,327.88,-6.25,-3.75,3.54,36.03
43.45773191800072,0.42,-0.42,0.41,0.01,10528.00,26.79,327.88,-6.25,-3.69,3.47,36.03
43.559784639999634,0.42,-0.42,0.40,0.02,10523.00,26.78,327.88,-6.25,-3.81,3.54,36.03
43.65906314899985,0.42,-0.42,0.40,0.02,10525.00,26.78,327.88,-6.25,-3.69,3.51,36.03
43.7645843549999,0.42,-0.42,0.40,0.02,10525.00,26.78,327.88,-6.25,-3.81,3.51,36.03
43.86293739699977,0.42,-0.42,0.41,0.01,10527.00,26.78,327.81,-6.25,-3.63,3.47,36.03
43.96237142599966,0.42,-0.42,0.41,0.01,10526.00,26.78,327.88,-6.25,-3.88,3.47,36.03
44.06785461099935,0.42,-0.42,0.41,0.01,10529.00,26.79,327.88,-6.25,-3.63,3.47,36.16
44.16627905899986,0.42,-0.42,0.41,0.01,10529.00,26.78,327.88,-6.25,-3.88,3.54,36.03
44.268433811999785,0.42,-0.42,0.41,0.01,10528.00,26.78,327.88,-6.25,-3.63,3.51,36.03
44.37147960599941,0.42,-0.42,0.40,0.02,10525.00,26.78,327.88,-6.25,-3.81,3.51,36.03
44.4698354079992,0.42,-0.42,0.41,0.01,10526.00,26.78,327.88,-6.25,-3.69,3.54,36.03
44.571895213999596,0.42,-0.42,0.40,0.02,10525.00,26.79,327.88,-6.25,-3.75,3.54,36.03
44.673720071999924,0.42,-0.42,0.41,0.01,10526.00,26.79,327.88,-6.25,-3.75,3.47,36.03
44.7771462820001,0.42,-0.42,0.40,0.02,10524.00,26.78,327.88,-6.25,-3.69,3.51,36.03
44.87539817799916,0.42,-0.42,0.41,0.01,10530.00,26.78,327.88,-6.25,-3.81,3.54,36.03
44.97722355699989,0.42,-0.42,0.41,0.01,10528.00,26.78,327.88,-6.25,-3.69,3.54,35.91
45.079223572000046,0.42,-0.42,0.40,0.02,10525.00,26.78,327.88,-6.25,-3.81,3.47,36.03
45.17768906099991,0.42,-0.42,0.40,0.02,10525.00,26.78,327.88,-6.25,-3.69,3.51,36.03
45.2811069899999,0.42,-0.42,0.41,0.01,10530.00,26.78,327.88,-6.25,-3.75,3.51,36.03
45.382757733999824,0.42,-0.42,0.41,0.01,10527.00,26.78,327.88,-6.25,-3.69,3.47,35.91
45.48116421300074,0.42,-0.42,0.40,0.02,10524.00,26.78,327.88,-6.25,-3.81,3.58,36.03
45.58315901899914,0.42,-0.42,0.41,0.01,10527.00,26.78,327.88,-6.25,-3.69,3.58,35.91
45.68635783299942,0.42,-0.42,0.40,0.02,10524.00,26.78,327.88,-6.25,-3.75,3.51,36.03
45.78830873299921,0.42,-0.42,0.40,0.02,10525.00,26.78,327.88,-6.25,-3.75,3.54,36.03
45.88665989999936,0.42,-0.42,0.40,0.02,10525.00,26.78,327.88,-6.25,-3.69,3.51,36.03
45.988765277999846,0.42,-0.42,0.41,0.01,10529.00,26.78,327.88,-6.25,-3.81,3.54,36.03
46.091980186,0.42,-0.42,0.40,0.02,10525.00,26.78,327.88,-6.25,-3.63,3.51,36.03
46.19028020699989,0.42,-0.42,0.41,0.01,10530.00,26.78,327.88,-6.25,-3.81,3.54,36.03
46.29209876399909,0.42,-0.42,0.41,0.01,10528.00,26.79,327.88,-6.25,-3.69,3.47,36.03
46.395222160999765,0.42,-0.42,0.40,0.02,10524.00,26.78,327.88,-6.25,-3.75,3.47,35.91
46.4935785889993,0.42,-0.42,0.40,0.02,10525.00,26.78,327.88,-6.25,-3.69,3.47,36.03
46.595694592000655,0.42,-0.42,0.41,0.01,10527.00,26.78,327.88,-6.25,-3.69,3.58,36.03
46.69752887699906,0.42,-0.42,0.41,0.01,10528.00,26.78,327.88,-6.25,-3.75,3.44,36.03
46.80071076400054,0.42,-0.42,0.41,0.01,10531.00,26.78,327.88,-6.25,-3.69,3.47,36.03
46.8988527649999,0.42,-0.42,0.41,0.01,10526.00,26.78,327.88,-6.25,-3.75,3.47,36.03
47.00067705100082,0.42,-0.42,0.41,0.01,10527.00,26.78,327.88,-6.25,-3.63,3.51,36.03
47.10271649199967,0.42,-0.42,0.41,0.01,10526.00,26.78,327.88,-6.25,-3.75,3.51,36.03
47.20106458599912,0.42,-0.42,0.40,0.02,10521.00,26.78,327.88,-6.25,-3.69,3.54,36.03
47.304059337999206,0.42,-0.42,0.41,0.01,10528.00,26.79,327.88,-6.25,-3.75,3.47,36.03
47.40604904000065,0.42,-0.42,0.41,0.01,10527.00,26.78,327.88,-6.25,-3.69,3.47,36.03
47.505309370999385,0.42,-0.42,0.40,0.02,10525.00,26.78,327.88,-6.25,-3.75,3.58,36.03
47.61085640999954,0.42,-0.42,0.40,0.02,10525.00,26.79,327.88,-6.25,-3.69,3.62,36.03
47.70917788999941,0.42,-0.42,0.41,0.01,10528.00,26.78,327.88,-6.25,-3.69,3.58,36.03
47.8111760289994,0.42,-0.42,0.40,0.02,10520.00,26.78,327.88,-6.25,-3.69,3.44,36.03
47.91062740199959,0.42,-0.42,0.41,0.01,10526.00,26.78,327.88,-6.25,-3.63,3.44,36.03
48.012462311999116,0.42,-0.42,0.41,0.01,10527.00,26.78,327.81,-6.25,-3.75,3.51,36.03
48.11461795099967,0.42,-0.42,0.40,0.02,10524.00,26.78,327.81,-6.25,-3.56,3.47,36.03
48.21439427199948,0.42,-0.42,0.40,0.02,10524.00,26.78,327.88,-6.25,-3.81,3.47,36.03
48.31933740599925,0.42,-0.42,0.40,0.02,10524.00,26.78,327.81,-6.25,-3.63,3.58,36.03
48.4176984679998,0.42,-0.42,0.41,0.01,10531.00,26.78,327.81,-6.25,-3.69,3.58,36.03
48.51587755199944,0.42,-0.42,0.41,0.01,10528.00,26.78,327.81,-6.25,-3.69,3.54,36.03
48.61885626299954,0.42,-0.42,0.40,0.02,10525.00,26.78,327.81,-6.25,-3.63,3.54,36.03
48.72067872499974,0.42,-0.42,0.40,0.02,10524.00,26.78,327.81,-6.25,-3.75,3.47,36.03
48.823928580999564,0.42,-0.42,0.40,0.02,10525.00,26.78,327.81,-6.25,-3.63,3.51,36.03
48.922128809999776,0.42,-0.42,0.41,0.01,10527.00,26.78,327.81,-6.25,-3.69,3.51,35.91
49.023933565000334,0.42,-0.42,0.41,0.01,10526.00,26.78,327.81,-6.25,-3.63,3.54,36.03
49.1259782140005,0.42,-0.42,0.40,0.02,10521.00,26.78,327.81,-6.25,-3.69,3.51,36.03
49.22552135799924,0.42,-0.42,0.41,0.01,10527.00,26.78,327.81,-6.25,-3.69,3.47,35.91
49.327543976000015,0.42,-0.42,0.41,0.01,10526.00,26.78,327.81,-6.25,-3.63,3.47,36.03
49.429343625999536,0.42,-0.42,0.40,0.02,10522.00,26.78,327.81,-6.25,-3.69,3.51,36.03
49.52777099100058,0.42,-0.42,0.41,0.01,10526.00,26.78,327.81,-6.25,-3.63,3.51,36.03
49.63105537800038,0.42,-0.42,0.41,0.01,10527.00,26.78,327.81,-6.25,-3.63,3.54,36.03
49.73288372599927,0.42,-0.42,0.41,0.01,10528.00,26.78,327.81,-6.25,-3.75,3.54,36.03
49.834876291999535,0.42,-0.42,0.41,0.01,10526.00,26.78,327.81,-6.25,-3.63,3.51,35.91
49.933266572999855,0.42,-0.42,0.41,0.01,10526.00,26.78,327.81,-6.25,-3.75,3.51,36.03
50.03145367800062,0.42,-0.42,0.40,0.02,10525.00,26.78,327.81,-6.25,-3.63,3.40,36.03
50.13436020100016,0.42,-0.42,0.41,0.01,10527.00,26.78,327.81,-6.25,-3.69,3.51,36.03
50.236182143000406,0.42,-0.42,0.40,0.02,10523.00,26.78,327.81,-6.25,-3.69,3.54,36.03
50.33954934199937,0.42,-0.42,0.41,0.01,10526.00,26.78,327.81,-6.25,-3.69,3.54,36.03
50.43767321800078,0.42,-0.42,0.40,0.02,10523.00,26.78,327.81,-6.25,-3.63,3.47,36.03
50.53961583599994,0.42,-0.42,0.40,0.02,10524.00,26.78,327.81,-6.25,-3.75,3.54,36.03
50.641453506999824,0.42,-0.42,0.41,0.01,10528.00,26.78,327.81,-6.25,-3.63,3.54,36.03
50.739869308999914,0.42,-0.42,0.41,0.01,10526.00,26.78,327.81,-6.25,-3.69,3.44,36.03
50.842984476999845,0.42,-0.42,0.40,0.02,10523.00,26.78,327.81,-6.25,-3.69,3.58,36.03
50.94480912700055,0.42,-0.42,0.41,0.01,10526.00,26.78,327.81,-6.25,-3.63,3.51,36.03
51.043191700000534,0.42,-0.42,0.41,0.01,10528.00,26.78,327.81,-6.25,-3.75,3.51,36.03
51.14647415999934,0.42,-0.42,0.40,0.02,10524.00,26.78,327.81,-6.25,-3.56,3.51,36.03
51.24821907099977,0.42,-0.42,0.40,0.02,10523.00,26.78,327.81,-6.25,-3.75,3.51,36.03
51.35024179299944,0.42,-0.42,0.40,0.02,10525.00,26.78,327.81,-6.25,-3.63,3.54,35.91
51.448684417999175,0.42,-0.42,0.40,0.02,10525.00,26.78,327.81,-6.25,-3.69,3.44,36.03
51.5517790140002,0.42,-0.42,0.41,0.01,10527.00,26.78,327.81,-6.25,-3.69,3.51,36.03
51.65376663200004,0.42,-0.42,0.40,0.02,10521.00,26.78,327.81,-6.25,-3.63,3.58,36.03
51.75211509099972,0.42,-0.42,0.40,0.02,10524.00,26.78,327.81,-6.25,-3.75,3.54,36.03
51.85423448000074,0.42,-0.42,0.40,0.02,10523.00,26.78,327.81,-6.25,-3.69,3.51,36.03
51.95317340600013,0.42,-0.42,0.41,0.01,10527.00,26.78,327.81,-6.25,-3.69,3.47,36.03
52.055350137999994,0.42,-0.42,0.40,0.02,10524.00,26.78,327.81,-6.25,-3.69,3.47,36.03
52.15737603799971,0.42,-0.42,0.40,0.02,10523.00,26.79,327.81,-6.25,-3.63,3.47,36.03
52.256341943000734,0.42,-0.42,0.40,0.02,10525.00,26.78,327.81,-6.25,-3.75,3.47,36.03
52.35772253200048,0.42,-0.42,0.41,0.01,10527.00,26.78,327.81,-6.25,-3.63,3.54,36.03
52.46071280400065,0.42,-0.42,0.41,0.01,10533.00,26.78,327.81,-6.25,-3.75,3.44,36.03
52.55913970000074,0.42,-0.42,0.41,0.01,10527.00,26.78,327.81,-6.25,-3.63,3.44,36.16
52.661219297999196,0.42,-0.42,0.40,0.02,10525.00,26.79,327.81,-6.25,-3.63,3.54,36.03
52.762952958000824,0.42,-0.42,0.41,0.01,10529.00,26.78,327.81,-6.25,-3.75,3.54,36.03
52.866284063999046,0.42,-0.42,0.41,0.01,10526.00,26.78,327.81,-6.25,-3.56,3.54,36.03
52.96463408499949,0.42,-0.42,0.40,0.02,10525.00,26.78,327.88,-6.25,-3.81,3.47,36.03
53.06647581799916,0.42,-0.42,0.40,0.02,10523.00,26.78,327.88,-6.25,-3.69,3.47,35.91
53.169304528000794,0.42,-0.42,0.41,0.01,10528.00,26.79,327.88,-6.25,-3.75,3.54,36.03
53.267178195999804,0.42,-0.42,0.40,0.02,10522.00,26.78,327.88,-6.25,-3.81,3.51,36.03
53.37037435399907,0.42,-0.42,0.40,0.02,10522.00,26.78,327.81,-6.25,-3.69,3.47,36.03
53.4722040559991,0.42,-0.42,0.40,0.02,10524.00,26.78,327.88,-6.25,-3.81,3.51,36.03
53.570636940999975,0.42,-0.42,0.40,0.02,10525.00,26.78,327.81,-6.25,-3.69,3.47,36.03
53.67262476799988,0.42,-0.42,0.41,0.01,10527.00,26.79,327.88,-6.25,-3.81,3.54,36.03
53.7757040510005,0.42,-0.42,0.40,0.02,10520.00,26.78,327.88,-6.25,-3.75,3.51,36.03
53.87771156499912,0.42,-0.42,0.40,0.02,10523.00,26.78,327.88,-6.25,-3.75,3.51,36.03
53.97612752399982,0.42,-0.42,0.41,0.01,10526.00,26.78,327.88,-6.25,-3.75,3.47,36.03
54.07796357999905,0.42,-0.42,0.40,0.02,10521.00,26.78,327.88,-6.25,-3.75,3.51,36.03
54.180583852999916,0.42,-0.42,0.40,0.02,10525.00,26.78,327.88,-6.25,-3.81,3.47,36.03
54.27900611400037,0.42,-0.42,0.41,0.01,10526.00,26.78,327.88,-6.25,-3.69,3.51,36.03
54.381007066000166,0.42,-0.42,0.40,0.02,10525.00,26.79,327.88,-6.25,-3.81,3.47,36.16
54.48407681699973,0.42,-0.42,0.40,0.02,10522.00,26.78,327.88,-6.25,-3.75,3.51,36.03
54.582450067000536,0.42,-0.42,0.41,0.01,10526.00,26.78,327.88,-6.25,-3.75,3.47,36.03
54.68453096700068,0.42,-0.42,0.41,0.01,10527.00,26.78,327.88,-6.25,-3.75,3.54,36.16
54.78257645700069,0.42,-0.42,0.40,0.02,10523.00,26.78,327.88,-6.25,-3.75,3.54,36.03
54.889331722999486,0.42,-0.42,0.41,0.01,10527.00,26.78,327.88,-6.25,-3.69,3.47,36.03
54.987926796000465,0.42,-0.42,0.41,0.01,10529.00,26.78,327.88,-6.25,-3.81,3.54,36.03
55.086066399999254,0.42,-0.42,0.40,0.02,10525.00,26.78,327.81,-6.25,-3.63,3.51,36.03
55.18898828800047,0.42,-0.42,0.40,0.02,10523.00,26.78,327.88,-6.25,-3.88,3.54,36.03
55.291716894000274,0.42,-0.42,0.40,0.02,10523.00,26.78,327.88,-6.25,-3.63,3.47,36.03
55.39292993100025,0.42,-0.42,0.40,0.02,10523.00,26.78,327.88,-6.25,-3.81,3.47,36.03
55.49263640800018,0.42,-0.42,0.41,0.01,10529.00,26.78,327.81,-6.25,-3.75,3.47,36.03
55.59420788100033,0.42,-0.42,0.40,0.02,10521.00,26.78,327.81,-6.25,-3.69,3.47,35.91
55.69695289400079,0.42,-0.42,0.40,0.02,10525.00,26.79,327.81,-6.25,-3.81,3.51,36.16
55.79823405500065,0.42,-0.42,0.40,0.02,10525.00,26.78,327.81,-6.25,-3.69,3.51,36.03
55.90143328600061,0.42,-0.42,0.40,0.02,10524.00,26.78,327.81,-6.25,-3.81,3.58,35.91
55.999575285999526,0.42,-0.42,0.40,0.02,10525.00,26.78,327.81,-6.25,-3.75,3.54,36.16
56.101402749000044,0.42,-0.42,0.41,0.01,10527.00,26.78,327.81,-6.25,-3.69,3.51,36.03
56.204658021000796,0.42,-0.42,0.41,0.01,10527.00,26.79,327.81,-6.25,-3.81,3.47,36.03
56.303717831999165,0.42,-0.42,0.41,0.01,10526.00,26.78,327.81,-6.25,-3.63,3.51,36.03
56.408529923999595,0.42,-0.42,0.41,0.01,10526.00,26.78,327.81,-6.25,-3.81,3.54,36.03
56.50756812100008,0.42,-0.42,0.40,0.02,10523.00,26.78,327.81,-6.25,-3.75,3.58,36.03
56.606081996000285,0.42,-0.42,0.41,0.01,10526.00,26.78,327.81,-6.25,-3.69,3.58,36.03
56.70793914599926,0.42,-0.42,0.41,0.01,10528.00,26.78,327.81,-6.25,-3.81,3.47,36.03
56.80969603599988,0.42,-0.42,0.41,0.01,10528.00,26.78,327.81,-6.25,-3.69,3.47,36.03
56.91302146400085,0.42,-0.42,0.41,0.01,10528.00,26.78,327.81,-6.25,-3.81,3.51,36.03
57.01153231799981,0.42,-0.42,0.41,0.01,10526.00,26.78,327.81,-6.25,-3.75,3.51,36.03
57.11302264599908,0.42,-0.42,0.41,0.01,10526.00,26.78,327.81,-6.25,-3.75,3.47,36.03
57.21635875100037,0.42,-0.42,0.41,0.01,10526.00,26.78,327.81,-6.25,-3.75,3.47,36.03
57.31486054299967,0.42,-0.42,0.41,0.01,10526.00,26.78,327.81,-6.25,-3.69,3.44,36.03
57.419944560999284,0.42,-0.42,0.40,0.02,10524.00,26.78,327.81,-6.25,-3.75,3.54,36.03
57.518363852999755,0.42,-0.42,0.41,0.01,10527.00,26.78,327.81,-6.25,-3.75,3.47,36.03
57.621521105000284,0.42,-0.42,0.40,0.02,10522.00,26.79,327.81,-6.25,-3.75,3.40,36.03
57.72344554600022,0.42,-0.42,0.41,0.01,10526.00,26.79,327.81,-6.25,-3.75,3.54,36.03
57.821859629000755,0.42,-0.42,0.41,0.01,10526.00,26.78,327.81,-6.25,-3.75,3.54,36.03
57.92491307899945,0.42,-0.42,0.40,0.02,10521.00,26.78,327.81,-6.25,-3.75,3.47,36.03
58.026757989000544,0.42,-0.42,0.40,0.02,10525.00,26.78,327.81,-6.25,-3.75,3.44,36.03
58.12521634299992,0.42,-0.42,0.41,0.01,10528.00,26.78,327.81,-6.25,-3.75,3.54,36.03
58.22712463899916,0.42,-0.42,0.41,0.01,10528.00,26.78,327.81,-6.25,-3.75,3.47,36.03
58.330208141000185,0.42,-0.42,0.40,0.02,10524.00,26.78,327.81,-6.25,-3.75,3.51,35.91
58.43234294600006,0.42,-0.42,0.40,0.02,10525.00,26.78,327.81,-6.25,-3.75,3.65,36.03
58.53062848800073,0.42,-0.42,0.40,0.02,10524.00,26.78,327.81,-6.25,-3.75,3.51,36.03
58.6324839709996,0.42,-0.42,0.40,0.02,10524.00,26.78,327.81,-6.25,-3.75,3.47,36.03
58.73581528499926,0.42,-0.42,0.41,0.01,10530.00,26.78,327.81,-6.25,-3.75,3.47,36.03
58.83395614000074,0.42,-0.42,0.41,0.01,10526.00,26.78,327.81,-6.25,-3.75,3.44,36.03
58.93946520999998,0.42,-0.42,0.40,0.02,10522.00,26.78,327.81,-6.25,-3.75,3.47,36.03
59.03907444700053,0.42,-0.42,0.40,0.02,10524.00,26.78,327.81,-6.25,-3.81,3.51,36.03
59.13737702099934,0.42,-0.42,0.40,0.02,10523.00,26.78,327.81,-6.25,-3.75,3.54,35.91
59.23940807600047,0.43,-0.43,0.41,0.01,10526.00,26.79,327.81,-6.25,-3.75,3.51,36.03
59.34124657999928,0.43,-0.43,0.40,0.02,10525.00,26.78,327.81,-6.25,-3.81,3.54,36.03
59.44456763400012,0.43,-0.43,0.41,0.01,10527.00,26.78,327.81,-6.25,-3.69,3.58,36.03
59.54287833200033,0.43,-0.43,0.40,0.02,10525.00,26.78,327.81,-6.25,-3.81,3.51,36.03
59.6445211070004,0.43,-0.43,0.41,0.01,10529.00,26.78,327.81,-6.25,-3.75,3.54,36.03
59.74660205799955,0.43,-0.43,0.40,0.02,10522.00,26.78,327.81,-6.25,-3.75,3.47,36.03
59.84993873699932,0.43,-0.43,0.41,0.01,10526.00,26.78,327.81,-6.25,-3.81,3.54,36.03
59.95211078200009,0.43,-0.43,0.41,0.01,10530.00,26.79,327.81,-6.25,-3.75,3.54,35.91
60.053713868999694,0.43,-0.43,0.40,0.02,10522.00,26.78,327.81,-6.25,-3.75,3.51,36.03
60.15268310799911,0.43,-0.43,0.40,0.02,10524.00,26.78,327.81,-6.25,-3.75,3.47,36.03
60.2555358289992,0.45,-0.45,0.41,0.01,10527.00,26.79,327.81,-6.25,-3.75,3.54,36.03
60.35748089499975,0.45,-0.45,0.41,0.01,10529.00,26.78,327.81,-6.25,-3.75,3.44,36.03
60.45926799299923,0.45,-0.45,0.40,0.02,10524.00,26.78,327.81,-6.25,-3.75,3.51,36.03
60.557659160000185,0.45,-0.45,0.41,0.01,10526.00,26.78,327.81,-6.25,-3.75,3.51,36.16
60.66076875500039,0.45,-0.45,0.41,0.01,10526.00,26.78,327.81,-6.25,-3.75,3.47,36.03
60.76297678999981,0.45,-0.45,0.40,0.02,10523.00,26.78,327.81,-6.25,-3.75,3.51,36.03
60.8611589989996,0.45,-0.45,0.40,0.02,10522.00,26.78,327.81,-6.25,-3.75,3.47,36.03
60.96298838800067,0.45,-0.45,0.41,0.01,10526.00,26.78,327.81,-6.25,-3.75,3.51,36.03
61.06657532600002,0.45,-0.45,0.41,0.01,10527.00,26.78,327.81,-6.25,-3.75,3.51,36.03
61.16499404500064,0.45,-0.45,0.41,0.01,10527.00,26.78,327.81,-6.25,-3.75,3.54,36.03
61.26820452600077,0.45,-0.45,0.41,0.01,10526.00,26.79,327.81,-6.25,-3.75,3.47,36.03
61.36913933299911,0.45,-0.45,0.40,0.02,10524.00,26.78,327.81,-6.25,-3.75,3.58,36.03
61.47125143099947,0.45,-0.45,0.40,0.02,10524.00,26.78,327.81,-6.25,-3.75,3.54,36.03
61.57307618499908,0.45,-0.45,0.40,0.02,10524.00,26.78,327.81,-6.25,-3.75,3.58,36.03
61.67277703699983,0.45,-0.45,0.40,0.02,10523.00,26.78,327.81,-6.25,-3.81,3.54,36.03
61.774762831999396,0.45,-0.45,0.41,0.01,10530.00,26.78,327.81,-6.25,-3.75,3.54,36.03
61.87676659600038,0.45,-0.45,0.40,0.02,10524.00,26.78,327.81,-6.25,-3.81,3.54,36.03
61.97866515200076,0.45,-0.45,0.41,0.01,10526.00,26.78,327.81,-6.25,-3.81,3.51,36.03
62.07822355600001,0.45,-0.45,0.40,0.02,10525.00,26.78,327.81,-6.25,-3.75,3.51,36.03
62.1800654460003,0.45,-0.45,0.40,0.02,10522.00,26.78,327.81,-6.25,-3.81,3.54,36.03
62.28215082399947,0.45,-0.45,0.40,0.02,10522.00,26.78,327.81,-6.25,-3.75,3.58,36.03
62.380972094000754,0.45,-0.45,0.41,0.01,10527.00,26.78,327.81,-6.25,-3.81,3.54,36.03
62.48346340900025,0.44,-0.44,0.41,0.01,10526.00,26.78,327.81,-6.25,-3.75,3.47,36.03
62.58527425700049,0.44,-0.44,0.40,0.02,10520.00,26.78,327.81,-6.25,-3.75,3.58,36.03
62.68369912200069,0.44,-0.44,0.40,0.02,10523.00,26.78,327.81,-6.25,-3.81,3.51,36.03
62.78670762399997,0.44,-0.44,0.40,0.02,10524.00,26.78,327.81,-6.25,-3.75,3.54,36.03
62.88855295100075,0.44,-0.44,0.40,0.02,10523.00,26.78,327.81,-6.25,-3.81,3.54,36.03
62.99052416300037,0.44,-0.44,0.41,0.01,10528.00,26.78,327.81,-6.25,-3.81,3.44,36.03
63.089976473000206,0.44,-0.44,0.41,0.01,10526.00,26.78,327.81,-6.25,-3.75,3.47,36.03
63.191715758999635,0.44,-0.44,0.40,0.02,10524.00,26.78,327.81,-6.25,-3.81,3.47,36.03
63.29384676200061,0.44,-0.44,0.41,0.01,10531.00,26.79,327.81,-6.25,-3.69,3.51,36.03
63.39198412699989,0.44,-0.44,0.40,0.02,10524.00,26.78,327.81,-6.25,-3.81,3.54,36.03
63.495008097999744,0.44,-0.44,0.40,0.02,10524.00,26.78,327.81,-6.25,-3.75,3.51,36.03
63.59742175700012,0.44,-0.44,0.41,0.01,10528.00,26.78,327.81,-6.25,-3.75,3.54,36.03
63.696133600000394,0.44,-0.44,0.40,0.02,10525.00,26.79,327.81,-6.25,-3.81,3.54,36.03
63.798264134999044,0.44,-0.44,0.41,0.01,10527.00,26.78,327.81,-6.25,-3.75,3.47,36.03
63.89996373299982,0.44,-0.44,0.40,0.02,10524.00,26.78,327.81,-6.25,-3.81,3.51,36.03
64.00321343200085,0.44,-0.44,0.41,0.01,10527.00,26.79,327.81,-6.25,-3.75,3.51,36.03
64.10147006800071,0.44,-0.44,0.41,0.01,10527.00,26.78,327.81,-6.25,-3.75,3.47,36.03
64.20322726999984,0.44,-0.44,0.40,0.02,10519.00,26.78,327.81,-6.25,-3.81,3.54,36.03
64.30644655200012,0.43,-0.43,0.40,0.02,10521.00,26.79,327.81,-6.25,-3.75,3.51,36.03
64.40485521899973,0.43,-0.43,0.40,0.02,10520.00,26.78,327.81,-6.25,-3.75,3.44,35.91
64.50636038999983,0.43,-0.43,0.41,0.01,10527.00,26.79,327.81,-6.25,-3.75,3.51,36.03
64.60848998800066,0.43,-0.43,0.40,0.02,10523.00,26.78,327.81,-6.25,-3.75,3.44,36.03
64.70649928000057,0.43,-0.43,0.40,0.02,10525.00,26.79,327.81,-6.25,-3.75,3.54,36.03
64.80957668799965,0.43,-0.43,0.40,0.02,10523.00,26.78,327.81,-6.25,-3.69,3.47,36.03
64.91144295199956,0.43,-0.43,0.40,0.02,10525.00,26.78,327.81,-6.25,-3.75,3.44,36.03
65.01469270400048,0.43,-0.43,0.40,0.02,10525.00,26.79,327.81,-6.25,-3.69,3.47,35.91
65.11369173399908,0.43,-0.43,0.40,0.02,10525.00,26.78,327.81,-6.25,-3.69,3.51,36.03
65.21468711399939,0.43,-0.43,0.40,0.02,10525.00,26.79,327.81,-6.25,-3.75,3.51,36.03
65.3167700970007,0.42,-0.42,0.40,0.02,10525.00,26.79,327.81,-6.25,-3.69,3.44,36.03
65.41621881399988,0.42,-0.42,0.40,0.02,10524.00,26.78,327.81,-6.25,-3.75,3.51,36.03
65.52170429000034,0.42,-0.42,0.40,0.02,10525.00,26.78,327.81,-6.25,-3.63,3.47,36.03
65.62012821700046,0.42,-0.42,0.40,0.02,10523.00,26.78,327.81,-6.25,-3.75,3.54,36.16
65.72317854200082,0.42,-0.42,0.40,0.02,10523.00,26.78,327.81,-6.25,-3.69,3.51,36.03
65.82548918000066,0.42,-0.42,0.41,0.01,10526.00,26.78,327.81,-6.25,-3.69,3.47,36.03
65.92381607599964,0.42,-0.42,0.40,0.02,10524.00,26.78,327.81,-6.25,-3.75,3.47,36.03
66.02668275500037,0.42,-0.42,0.40,0.02,10522.00,26.78,327.81,-6.25,-3.63,3.51,36.16
66.12843917600003,0.42,-0.42,0.40,0.02,10525.00,26.78,327.81,-6.25,-3.75,3.51,36.03
66.22696799900041,0.42,-0.42,0.40,0.02,10525.00,26.78,327.81,-6.25,-3.69,3.47,35.91
66.32881717999953,0.42,-0.42,0.40,0.02,10522.00,26.79,327.81,-6.25,-3.69,3.47,36.16
66.43186849400081,0.42,-0.42,0.40,0.02,10524.00,26.78,327.81,-6.25,-3.75,3.51,36.03
66.53387507099978,0.42,-0.42,0.41,0.01,10526.00,26.79,327.81,-6.25,-3.69,3.58,36.03
66.6326747259991,0.42,-0.42,0.40,0.02,10519.00,26.78,327.81,-6.25,-3.75,3.58,36.03
66.73506875000021,0.42,-0.42,0.40,0.02,10524.00,26.79,327.81,-6.25,-3.69,3.44,36.03
66.83728251399953,0.42,-0.42,0.40,0.02,10521.00,26.79,327.81,-6.25,-3.75,3.51,36.03
66.94019388000015,0.42,-0.42,0.40,0.02,10520.00,26.79,327.81,-6.25,-3.75,3.54,36.03
67.04212097799973,0.42,-0.42,0.41,0.01,10526.00,26.79,327.81,-6.25,-3.75,3.51,36.03
67.14234943299925,0.42,-0.42,0.41,0.01,10528.00,26.78,327.81,-6.25,-3.75,3.51,35.91
67.24156148300062,0.42,-0.42,0.40,0.02,10523.00,26.78,327.81,-6.25,-3.75,3.54,36.03
67.34408665199953,0.42,-0.42,0.41,0.01,10527.00,26.79,327.81,-6.25,-3.75,3.51,36.03
67.44469656500041,0.42,-0.42,0.41,0.01,10526.00,26.78,327.81,-6.25,-3.75,3.40,36.03
67.54578283099909,0.42,-0.42,0.40,0.02,10521.00,26.78,327.81,-6.25,-3.75,3.47,36.03
67.64761341799931,0.42,-0.42,0.40,0.02,10524.00,26.78,327.81,-6.25,-3.75,3.54,36.03
67.74650203199963,0.42,-0.42,0.40,0.02,10521.00,26.79,327.81,-6.25,-3.69,3.51,36.03
67.84929121099958,0.42,-0.42,0.40,0.02,10523.00,26.79,327.81,-6.25,-3.75,3.51,36.16
67.9473210239994,0.42,-0.42,0.40,0.02,10522.00,26.78,327.81,-6.25,-3.69,3.47,36.03
68.05282561499916,0.42,-0.42,0.40,0.02,10521.00,26.79,327.81,-6.25,-3.69,3.54,36.03
68.15143251100017,0.42,-0.42,0.41,0.01,10526.00,26.78,327.81,-6.25,-3.69,3.51,36.03
68.24962711499938,0.42,-0.42,0.40,0.02,10523.00,26.79,327.81,-6.31,-4.19,3.54,36.03
68.35293077300048,0.42,-0.42,0.40,0.02,10523.00,26.79,327.88,-6.31,-3.13,3.51,36.16
68.45485891200042,0.42,-0.42,0.40,0.02,10524.00,26.78,327.75,-6.31,-4.81,3.54,36.16
68.55677080100031,0.42,-0.42,0.40,0.02,10523.00,26.78,327.63,-6.31,-6.25,3.51,35.78
68.65538920700055,0.42,-0.42,0.40,0.02,10523.00,26.78,327.69,-6.31,-5.94,3.51,36.03
68.75449766400016,0.42,-0.42,0.40,0.02,10521.00,26.78,327.69,-6.31,-6.25,3.47,35.91
68.85623502199996,0.42,-0.42,0.40,0.02,10520.00,26.79,327.69,-6.31,-6.31,3.44,36.03
68.95795852599986,0.42,-0.42,0.40,0.02,10523.00,26.78,327.69,-6.31,-6.25,3.47,35.91
69.06133707899971,0.42,-0.42,0.40,0.02,10523.00,26.79,327.69,-6.31,-7.25,3.58,36.03
69.16002558900072,0.42,-0.42,0.41,0.01,10527.00,26.78,327.69,-6.31,-7.25,3.44,36.03
69.25872269299907,0.42,-0.42,0.40,0.02,10524.00,26.78,327.88,-6.31,-6.50,3.51,36.03
69.36074307200033,0.42,-0.42,0.40,0.02,10523.00,26.78,327.88,-6.31,-6.25,3.51,36.03
69.46247100300025,0.42,-0.42,0.40,0.02,10523.00,26.78,327.94,-6.38,-5.50,3.54,36.03
69.56447388199922,0.42,-0.42,0.40,0.02,10524.00,26.79,328.00,-6.38,-4.75,5.35,36.03
69.66296968300048,0.42,-0.42,0.41,0.01,10526.00,26.78,328.00,-6.38,-4.19,3.51,36.03
69.76140730800034,0.42,-0.42,0.40,0.02,10522.00,26.78,328.00,-6.38,-3.63,3.54,35.66
69.86770642900046,0.43,-0.43,0.40,0.02,10523.00,26.78,328.00,-6.38,-3.50,4.93,35.91
69.96610217899979,0.43,-0.43,0.41,0.01,10526.00,26.78,328.00,-6.38,-4.00,3.69,38.41
70.06805938099933,0.43,-0.43,0.40,0.02,10525.00,26.78,328.00,-6.38,-4.56,3.79,37.41
70.16740679599934,0.43,-0.43,0.41,0.01,10526.00,26.78,328.50,-6.38,-4.88,3.90,35.91
70.26921014300024,0.43,-0.43,0.40,0.02,10522.00,26.78,328.38,-6.38,-4.81,3.58,35.91
70.3712126570008,0.43,-0.43,0.41,0.01,10527.00,26.78,328.44,-6.38,-4.94,3.90,35.78
70.4696728859999,0.43,-0.43,0.40,0.02,10524.00,26.78,328.44,-6.38,-4.94,3.47,36.03
70.57294529399951,0.43,-0.43,0.40,0.02,10522.00,26.79,328.44,-6.38,-5.44,3.93,36.03
70.67471567299981,0.43,-0.43,0.40,0.02,10524.00,26.78,328.50,-6.44,-4.81,3.58,36.03
70.77343241199924,0.43,-0.43,0.40,0.02,10523.00,26.78,328.50,-6.44,-3.88,3.93,36.03
70.87516357200002,0.43,-0.43,0.40,0.02,10524.00,26.79,328.56,-6.38,-3.38,3.97,35.66
70.97449911200056,0.43,-0.43,0.41,0.01,10526.00,26.78,328.63,-6.38,-4.31,3.26,35.91
71.07994662000056,0.43,-0.43,0.40,0.02,10523.00,26.79,328.63,-6.38,-5.13,3.83,35.78
71.17841153600057,0.43,-0.43,0.40,0.02,10523.00,26.78,328.63,-6.38,-5.38,3.62,35.78
71.27700697299952,0.43,-0.43,0.40,0.02,10522.00,26.78,328.50,-6.38,-5.19,3.51,36.03
71.38057339099942,0.43,-0.43,0.40,0.02,10524.00,26.79,328.38,-6.44,-5.06,3.54,36.16
71.48173064599905,0.43,-0.43,0.40,0.02,10524.00,26.78,328.44,-6.38,-4.50,4.15,35.91
71.58363946200006,0.43,-0.43,0.40,0.02,10524.00,26.79,328.81,-6.44,-5.06,4.11,36.54
71.6820405769995,0.43,-0.43,0.40,0.02,10525.00,26.78,328.94,-6.38,-4.44,4.15,38.04
71.78038351500072,0.43,-0.43,0.40,0.02,10525.00,26.79,328.94,-6.38,-4.31,3.69,36.54
71.88319363099981,0.43,-0.43,0.40,0.02,10524.00,26.79,328.94,-6.38,-3.50,3.90,35.53
71.98520921800082,0.43,-0.43,0.41,0.01,10526.00,26.78,329.00,-6.38,-2.56,3.58,35.78
72.08820605300025,0.43,-0.43,0.40,0.02,10520.00,26.79,329.00,-6.38,-2.38,3.51,36.03
72.1866035740004,0.43,-0.43,0.40,0.02,10523.00,26.78,329.00,-6.38,-2.44,4.96,36.66
72.28848431699953,0.43,-0.43,0.40,0.02,10523.00,26.78,329.00,-6.38,-2.50,3.51,36.41
72.39045422699928,0.43,-0.43,0.40,0.02,10525.00,26.79,329.06,-6.38,-2.44,3.15,35.91
72.48920075800015,0.43,-0.43,0.40,0.02,10519.00,26.78,329.00,-6.38,-2.38,3.51,35.91
72.59219686399956,0.43,-0.43,0.40,0.02,10523.00,26.79,329.00,-6.38,-2.31,3.79,35.91
72.69397411799946,0.43,-0.43,0.40,0.02,10523.00,26.78,329.00,-6.38,-2.25,3.51,36.03
72.79234231599912,0.43,-0.43,0.40,0.02,10519.00,26.78,329.00,-6.38,-2.13,3.76,35.78
72.89440852799999,0.43,-0.43,0.41,0.01,10526.00,26.79,329.00,-6.38,-2.13,3.83,37.04
72.99736999800007,0.43,-0.43,0.41,0.01,10527.00,26.78,329.00,-6.38,-2.19,3.26,36.03
73.09945756399975,0.43,-0.43,0.40,0.02,10523.00,26.78,329.00,-6.38,-2.13,3.90,35.78
73.19761097099945,0.43,-0.43,0.40,0.02,10522.00,26.78,329.00,-6.38,-2.00,3.79,35.91
73.29946822499915,0.43,-0.43,0.40,0.02,10520.00,26.78,329.00,-6.38,-1.88,3.51,36.03
73.40277453800081,0.45,-0.45,0.41,0.01,10526.00,26.78,329.00,-6.38,-2.13,3.69,36.03
73.50470132299961,0.45,-0.45,0.40,0.02,10522.00,26.78,329.06,-6.38,-1.94,3.86,36.79
73.60671576399909,0.45,-0.45,0.40,0.02,10522.00,26.78,329.06,-6.38,-1.88,4.08,35.53
73.70510036899941,0.45,-0.45,0.40,0.02,10523.00,26.78,329.00,-6.38,-2.13,3.65,37.16
73.808180172,0.45,-0.45,0.41,0.01,10526.00,26.78,329.00,-6.38,-2.81,3.54,36.03
73.91019997799958,0.45,-0.45,0.40,0.02,10523.00,26.79,328.94,-6.44,-4.25,3.51,36.03
74.0088897379992,0.45,-0.45,0.40,0.02,10522.00,26.78,328.94,-6.38,-5.13,3.51,36.03
74.11064188800083,0.45,-0.45,0.40,0.02,10525.00,26.78,328.94,-6.44,-4.38,3.51,36.03
74.21372684800008,0.45,-0.45,0.40,0.02,10524.00,26.78,329.00,-6.44,-3.69,3.44,36.03
74.31224098299936,0.45,-0.45,0.41,0.01,10527.00,26.78,329.00,-6.44,-3.63,3.44,36.03
74.41439391300082,0.45,-0.45,0.40,0.02,10524.00,26.78,329.00,-6.44,-3.69,3.54,36.03
74.51596054299989,0.45,-0.45,0.41,0.01,10528.00,26.78,329.00,-6.44,-3.63,3.54,36.03
74.61930961699909,0.44,-0.44,0.40,0.02,10522.00,26.78,329.00,-6.44,-3.63,3.51,36.03
74.71862166699975,0.44,-0.44,0.40,0.02,10522.00,26.78,329.00,-6.44,-3.69,3.44,36.03
74.8193185580003,0.44,-0.44,0.41,0.01,10526.00,26.78,329.00,-6.44,-3.69,3.54,36.03
74.92268570499982,0.43,-0.43,0.40,0.02,10524.00,26.79,329.00,-6.44,-3.69,3.54,36.03
75.02444873999957,0.43,-0.43,0.40,0.02,10523.00,26.78,329.00,-6.44,-3.69,3.58,36.03
75.12653703599972,0.43,-0.43,0.40,0.02,10522.00,26.78,329.00,-6.44,-3.75,3.54,36.03
75.22592825200081,0.43,-0.43,0.40,0.02,10524.00,26.78,329.00,-6.44,-3.75,3.54,36.03
75.32775191300061,0.43,-0.43,0.40,0.02,10524.00,26.78,329.00,-6.44,-3.69,3.44,36.03
75.42984192599943,0.43,-0.43,0.40,0.02,10522.00,26.78,329.00,-6.44,-3.69,3.51,36.03
75.53166292999958,0.43,-0.43,0.40,0.02,10525.00,26.78,329.00,-6.44,-3.69,3.54,36.03
75.63500820199988,0.43,-0.43,0.41,0.01,10529.00,26.78,329.00,-6.44,-3.69,3.47,36.03
75.73402535700006,0.43,-0.43,0.40,0.02,10521.00,26.78,329.00,-6.44,-3.69,3.47,36.03
75.8353052679995,0.43,-0.43,0.40,0.02,10521.00,26.78,329.00,-6.44,-3.69,3.51,36.03
75.93724200100041,0.43,-0.43,0.40,0.02,10522.00,26.79,329.00,-6.44,-3.69,3.47,36.03
76.03565738699945,0.43,-0.43,0.40,0.02,10525.00,26.78,329.00,-6.44,-3.69,3.51,36.03
76.13922932499918,0.43,-0.43,0.41,0.01,10526.00,26.78,329.00,-6.44,-3.69,3.47,36.03
76.24075470400021,0.43,-0.43,0.40,0.02,10525.00,26.78,329.00,-6.44,-3.69,3.51,36.03
76.3391247769996,0.43,-0.43,0.40,0.02,10525.00,26.78,329.00,-6.44,-3.63,3.54,36.03
76.44118260399955,0.43,-0.43,0.40,0.02,10525.00,26.78,329.00,-6.44,-3.63,3.51,36.16
76.54057777900016,0.43,-0.43,0.40,0.02,10521.00,26.78,329.00,-6.44,-3.63,3.54,35.91
76.64605966099953,0.43,-0.43,0.40,0.02,10518.00,26.78,329.00,-6.44,-3.56,3.54,36.03
76.74438989100054,0.43,-0.43,0.40,0.02,10524.00,26.78,329.00,-6.44,-3.56,3.51,36.03
76.84287756699996,0.43,-0.43,0.41,0.01,10526.00,26.78,329.00,-6.44,-3.63,3.44,36.03
76.94602544400004,0.43,-0.43,0.40,0.02,10525.00,26.79,329.00,-6.44,-3.94,3.51,36.03
77.04774155199993,0.43,-0.43,0.40,0.02,10525.00,26.78,329.00,-6.38,-4.13,3.54,36.03
77.14974562899988,0.43,-0.43,0.40,0.02,10519.00,26.78,329.00,-6.38,-3.63,3.58,36.03
77.24906418899991,0.43,-0.43,0.41,0.01,10526.00,26.78,329.00,-6.38,-3.69,3.47,36.03
77.35133258799942,0.43,-0.43,0.40,0.02,10524.00,26.78,329.00,-6.38,-3.81,3.47,36.03
77.45336468599999,0.43,-0.43,0.40,0.02,10523.00,26.78,329.00,-6.38,-3.94,3.51,35.91
77.55173184200066,0.43,-0.43,0.40,0.02,10524.00,26.78,329.00,-6.38,-3.88,3.51,36.03
77.65389232400048,0.43,-0.43,0.41,0.01,10527.00,26.78,329.00,-6.38,-3.69,3.47,36.03
77.75736457499988,0.43,-0.43,0.40,0.02,10518.00,26.78,329.00,-6.38,-3.69,3.54,36.03
77.85456089999934,0.43,-0.43,0.40,0.02,10520.00,26.79,329.00,-6.38,-3.63,3.54,36.03
77.95710393400077,0.43,-0.43,0.40,0.02,10522.00,26.79,329.00,-6.38,-3.56,3.54,36.03
78.0561028079992,0.43,-0.43,0.40,0.02,10522.00,26.78,329.00,-6.38,-3.31,3.51,35.91
78.16205427299974,0.43,-0.43,0.41,0.01,10526.00,26.78,329.00,-6.38,-3.38,3.54,35.91
78.2599317940003,0.43,-0.43,0.41,0.01,10526.00,26.78,328.94,-6.38,-3.25,3.51,35.91
78.35803921200022,0.43,-0.43,0.40,0.02,10523.00,26.78,328.94,-6.38,-3.19,3.44,36.03
78.46112255700064,0.43,-0.43,0.40,0.02,10525.00,26.78,329.00,-6.38,-3.31,3.58,36.16
78.56298475900076,0.43,-0.43,0.40,0.02,10521.00,26.78,328.94,-6.38,-3.13,3.54,36.03
78.66528029300025,0.43,-0.43,0.40,0.02,10519.00,26.79,328.94,-6.38,-3.00,3.54,36.03
78.76478463499916,0.43,-0.43,0.41,0.01,10527.00,26.78,328.94,-6.38,-3.06,3.54,36.03
78.86628616000053,0.43,-0.43,0.41,0.01,10526.00,26.78,328.94,-6.38,-2.69,3.47,36.03
78.96855143399989,0.43,-0.43,0.40,0.02,10522.00,26.78,328.94,-6.38,-2.31,3.47,36.16
79.06708786099989,0.43,-0.43,0.40,0.02,10524.00,26.78,328.94,-6.38,-2.19,3.47,36.03
79.17004172700035,0.43,-0.43,0.40,0.02,10521.00,26.78,328.94,-6.38,-2.19,3.51,36.03
79.27197382399936,0.43,-0.43,0.41,0.01,10528.00,26.78,328.94,-6.38,-2.19,3.58,36.03
79.37022931399952,0.43,-0.43,0.41,0.01,10526.00,26.78,328.94,-6.38,-2.25,3.51,36.03
79.47389094000027,0.43,-0.43,0.40,0.02,10521.00,26.78,328.94,-6.38,-2.25,3.51,36.16
79.57027825600017,0.43,-0.43,0.40,0.02,10518.00,26.78,328.94,-6.38,-2.25,3.51,36.03
79.67715237499942,0.43,-0.43,0.40,0.02,10524.00,26.78,328.94,-6.38,-2.25,3.51,36.16
79.7757648429997,0.43,-0.43,0.40,0.02,10521.00,26.78,328.94,-6.38,-2.19,3.47,36.03
79.87362090699935,0.43,-0.43,0.40,0.02,10524.00,26.78,328.94,-6.38,-2.19,3.47,36.03
79.97678690800058,0.45,-0.45,0.40,0.02,10521.00,26.78,328.94,-6.38,-2.19,3.51,36.03
80.07860207900012,0.45,-0.45,0.40,0.02,10523.00,26.78,328.94,-6.38,-2.19,3.54,35.91
80.18070797799919,0.45,-0.45,0.40,0.02,10523.00,26.78,328.94,-6.38,-2.13,3.54,36.03
80.27996575799989,0.45,-0.45,0.40,0.02,10523.00,26.78,328.94,-6.38,-2.19,3.54,36.03
80.38166754300073,0.45,-0.45,0.40,0.02,10523.00,26.78,328.94,-6.38,-2.19,3.44,36.03
80.48401240000021,0.45,-0.45,0.40,0.02,10521.00,26.78,328.94,-6.38,-2.19,3.54,35.91
80.58302992000063,0.45,-0.45,0.41,0.01,10526.00,26.78,328.94,-6.38,-2.25,3.51,36.03
80.68517639200036,0.45,-0.45,0.40,0.02,10520.00,26.78,328.94,-6.38,-2.13,3.51,36.03
80.78698416599946,0.45,-0.45,0.40,0.02,10521.00,26.78,328.94,-6.38,-2.13,3.51,36.03
80.88533715599988,0.45,-0.45,0.41,0.01,10527.00,26.78,328.94,-6.38,-2.13,3.54,36.03
80.98863180300032,0.45,-0.45,0.41,0.01,10526.00,26.78,328.94,-6.38,-2.13,3.47,36.16
81.09047723399999,0.45,-0.45,0.41,0.01,10527.00,26.78,328.94,-6.38,-2.13,3.44,36.03
81.19246594600008,0.45,-0.45,0.40,0.02,10524.00,26.78,328.94,-6.38,-2.13,3.47,36.03
81.29086867499973,0.45,-0.45,0.40,0.02,10522.00,26.78,328.94,-6.38,-2.13,3.54,36.03
81.39399368699924,0.45,-0.45,0.40,0.02,10522.00,26.78,328.94,-6.38,-2.13,3.54,36.03
81.4959842219996,0.45,-0.45,0.41,0.01,10526.00,26.78,328.94,-6.38,-2.13,3.51,36.03
81.59428309699979,0.45,-0.45,0.40,0.02,10523.00,26.78,328.94,-6.38,-2.13,3.54,36.03
81.69632222499968,0.45,-0.45,0.40,0.02,10520.00,26.78,328.94,-6.38,-2.13,3.58,36.03
81.79869947800034,0.45,-0.45,0.40,0.02,10521.00,26.78,328.94,-6.38,-2.13,3.51,36.03
81.89753600800032,0.45,-0.45,0.40,0.02,10522.00,26.78,328.94,-6.38,-2.13,3.47,36.03
81.99954638700001,0.45,-0.45,0.40,0.02,10521.00,26.78,328.94,-6.38,-2.13,3.51,36.03
82.09835510499943,0.45,-0.45,0.40,0.02,10521.00,26.78,328.94,-6.38,-2.13,3.51,36.03
82.20090996100043,0.44,-0.44,0.40,0.02,10525.00,26.78,328.94,-6.38,-2.13,3.47,36.03
82.30275487200015,0.44,-0.44,0.40,0.02,10521.00,26.78,328.94,-6.38,-2.13,3.51,36.03
82.40151660999982,0.44,-0.44,0.40,0.02,10524.00,26.78,328.94,-6.38,-2.13,3.51,36.03
82.50395969599958,0.44,-0.44,0.40,0.02,10522.00,26.78,328.94,-6.38,-2.13,3.40,36.03
82.606016533,0.44,-0.44,0.41,0.01,10526.00,26.77,328.94,-6.38,-2.13,3.47,36.03
82.70793165100076,0.44,-0.44,0.40,0.02,10523.00,26.78,328.94,-6.38,-2.13,3.51,36.03
82.80731568100055,0.44,-0.44,0.40,0.02,10525.00,26.78,328.94,-6.38,-2.13,3.54,36.03
82.90897309100001,0.44,-0.44,0.40,0.02,10525.00,26.78,328.94,-6.38,-2.13,3.54,36.03
83.0109812819992,0.44,-0.44,0.40,0.02,10524.00,26.78,328.94,-6.38,-2.13,3.47,36.03
83.10933599099917,0.44,-0.44,0.40,0.02,10521.00,26.78,328.94,-6.38,-2.13,3.47,36.03
83.21269876199949,0.44,-0.44,0.40,0.02,10522.00,26.78,328.94,-6.38,-2.13,3.54,36.03
83.31439914099974,0.44,-0.44,0.40,0.02,10522.00,26.78,328.94,-6.38,-2.13,3.47,36.03
83.41287338099937,0.44,-0.44,0.40,0.02,10523.00,26.78,328.94,-6.38,-2.13,3.51,36.03
83.5150913109992,0.43,-0.43,0.40,0.02,10521.00,26.78,328.94,-6.38,-2.19,3.47,36.03
83.61806356300076,0.43,-0.43,0.40,0.02,10521.00,26.78,328.94,-6.38,-2.19,3.51,36.03
83.71998295199955,0.43,-0.43,0.40,0.02,10523.00,26.78,328.94,-6.38,-2.25,3.54,36.03
83.81833083700076,0.43,-0.43,0.40,0.02,10522.00,26.78,328.94,-6.38,-2.25,3.54,36.03
83.91767846000039,0.43,-0.43,0.40,0.02,10524.00,26.78,328.94,-6.38,-2.25,3.51,36.03
84.02304716599974,0.43,-0.43,0.40,0.02,10525.00,26.78,328.94,-6.38,-2.25,3.47,36.16
84.12135916599982,0.43,-0.43,0.40,0.02,10519.00,26.78,328.94,-6.38,-2.25,3.58,36.03
84.22345199200026,0.43,-0.43,0.40,0.02,10525.00,26.78,328.94,-6.38,-2.19,3.47,36.16
84.32156331599981,0.43,-0.43,0.41,0.01,10526.00,26.78,328.94,-6.38,-2.19,3.58,36.03
84.42465270200046,0.43,-0.43,0.41,0.01,10526.00,26.78,328.94,-6.38,-2.19,3.47,36.03
84.52676683100071,0.43,-0.43,0.40,0.02,10525.00,26.78,328.94,-6.38,-2.19,3.54,36.03
84.62589586099966,0.43,-0.43,0.40,0.02,10520.00,26.78,328.94,-6.38,-2.19,3.47,36.03
84.73152117999962,0.43,-0.43,0.40,0.02,10525.00,26.78,328.94,-6.38,-2.13,3.47,36.03
84.83035005400052,0.43,-0.43,0.40,0.02,10525.00,26.78,328.94,-6.38,-2.13,3.54,36.03
84.9318210069996,0.43,-0.43,0.41,0.01,10526.00,26.78,328.94,-6.38,-2.13,3.51,36.03
85.0350899770001,0.42,-0.42,0.40,0.02,10525.00,26.78,328.94,-6.38,-2.13,3.47,36.03
85.1348876510001,0.42,-0.42,0.40,0.02,10524.00,26.78,328.94,-6.38,-2.13,3.51,36.03
85.23594131199934,0.42,-0.42,0.40,0.02,10524.00,26.78,328.94,-6.38,-2.13,3.51,36.03
85.33361591799985,0.42,-0.42,0.40,0.02,10525.00,26.78,328.94,-6.38,-2.13,3.47,36.03
85.43545140099923,0.42,-0.42,0.41,0.01,10529.00,26.78,328.94,-6.38,-2.13,3.51,36.03
85.53883037100059,0.42,-0.42,0.40,0.02,10525.00,26.78,328.94,-6.38,-2.13,3.51,36.16
85.64075314500042,0.42,-0.42,0.40,0.02,10523.00,26.78,328.94,-6.38,-2.06,3.58,36.03
85.74370258399904,0.42,-0.42,0.40,0.02,10520.00,26.78,328.94,-6.38,-2.06,3.58,36.03
85.84204547000081,0.42,-0.42,0.40,0.02,10519.00,26.78,328.94,-6.38,-2.06,3.58,36.16
85.9403065839997,0.42,-0.42,0.40,0.02,10522.00,26.78,328.94,-6.38,-2.06,3.54,35.91
86.04214748400045,0.42,-0.42,0.40,0.02,10525.00,26.78,328.94,-6.38,-2.06,3.51,36.03
86.14512275699963,0.42,-0.42,0.40,0.02,10522.00,26.78,328.94,-6.38,-2.06,3.62,36.03
86.24729787400065,0.42,-0.42,0.40,0.02,10525.00,26.78,328.94,-6.38,-2.06,3.51,36.03
86.34922377399926,0.42,-0.42,0.40,0.02,10523.00,26.77,328.94,-6.38,-2.06,3.51,36.03
86.44747723199907,0.42,-0.42,0.40,0.02,10525.00,26.78,328.94,-6.38,-2.06,3.47,36.03
86.54947380900012,0.42,-0.42,0.40,0.02,10521.00,26.78,328.94,-6.38,-2.06,3.47,36.03
86.64917325399983,0.42,-0.42,0.40,0.02,10524.00,26.78,328.94,-6.38,-2.06,3.51,35.91
86.75533216599979,0.42,-0.42,0.40,0.02,10520.00,26.78,328.88,-6.38,-2.06,3.51,36.03
86.85279994899975,0.42,-0.42,0.40,0.02,10519.00,26.78,328.88,-6.38,-2.06,3.62,36.03
86.95663391800008,0.42,-0.42,0.40,0.02,10524.00,26.78,328.88,-6.38,-2.00,3.47,36.16
87.05846778600062,0.42,-0.42,0.41,0.01,10526.00,26.78,328.88,-6.38,-2.00,3.47,36.03
87.15651447500022,0.42,-0.42,0.40,0.02,10523.00,26.77,328.88,-6.38,-2.00,3.54,36.03
87.258359853,0.42,-0.42,0.41,0.01,10527.00,26.78,328.88,-6.38,-2.00,3.51,36.03
87.35642247900068,0.42,-0.42,0.41,0.01,10526.00,26.78,328.94,-6.38,-2.06,3.54,36.16
87.45970238600057,0.42,-0.42,0.40,0.02,10523.00,26.78,328.94,-6.38,-2.06,3.47,36.16
87.5616994840002,0.42,-0.42,0.41,0.01,10526.00,26.78,328.94,-6.38,-2.06,3.51,36.03
87.65999101499983,0.42,-0.42,0.40,0.02,10522.00,26.78,328.94,-6.38,-2.06,3.51,36.03
87.76307628699942,0.42,-0.42,0.40,0.02,10521.00,26.78,328.94,-6.38,-2.06,3.51,36.03
87.864699062,0.42,-0.42,0.40,0.02,10525.00,26.77,328.94,-6.38,-2.06,3.47,36.03
87.96296590599923,0.42,-0.42,0.40,0.02,10522.00,26.78,328.94,-6.38,-2.06,3.54,36.03
88.0661740430005,0.42,-0.42,0.40,0.02,10518.00,26.78,328.94,-6.38,-2.06,3.54,36.03
88.16797905699968,0.42,-0.42,0.40,0.02,10523.00,26.77,328.94,-6.38,-2.06,3.51,36.16
88.2700205809997,0.42,-0.42,0.40,0.02,10522.00,26.78,328.94,-6.38,-2.13,3.47,36.03
88.36914507999973,0.42,-0.42,0.40,0.02,10522.00,26.78,328.94,-6.38,-2.13,3.54,36.03
88.4714825409992,0.42,-0.42,0.40,0.02,10523.00,26.78,328.94,-6.38,-2.13,3.51,36.03
88.57321849300024,0.42,-0.42,0.40,0.02,10525.00,26.78,328.94,-6.38,-2.13,3.47,36.03
88.67621725500067,0.42,-0.42,0.40,0.02,10521.00,26.78,328.94,-6.38,-2.13,3.54,36.03
88.77821341500021,0.42,-0.42,0.40,0.02,10523.00,26.78,328.94,-6.38,-2.13,3.51,36.03
88.87671624799987,0.42,-0.42,0.40,0.02,10525.00,26.77,328.94,-6.38,-2.13,3.51,36.03
88.9747615289998,0.42,-0.42,0.40,0.02,10524.00,26.77,328.94,-6.38,-2.13,3.51,36.03
89.0816314299991,0.42,-0.42,0.40,0.02,10524.00,26.78,328.94,-6.38,-2.13,3.47,36.03
89.17995061799957,0.42,-0.42,0.40,0.02,10525.00,26.77,328.94,-6.38,-2.13,3.54,36.03
89.28213854800015,0.42,-0.42,0.40,0.02,10523.00,26.78,328.94,-6.38,-2.13,3.58,36.03
89.38398028099982,0.42,-0.42,0.40,0.02,10521.00,26.78,328.94,-6.38,-2.13,3.54,36.03
89.4822055099994,0.42,-0.42,0.40,0.02,10523.00,26.78,328.94,-6.38,-2.13,3.54,36.03
89.58572249999997,0.42,-0.42,0.41,0.01,10528.00,26.78,328.94,-6.38,-2.13,3.54,36.03
89.68751490999966,0.42,-0.42,0.40,0.02,10522.00,26.77,328.94,-6.38,-2.13,3.54,36.03
89.78958987199985,0.42,-0.42,0.40,0.02,10523.00,26.77,328.94,-6.38,-2.13,3.47,36.03
89.88763739299975,0.42,-0.42,0.40,0.02,10525.00,26.77,328.94,-6.38,-2.13,3.47,36.03
89.99077474899968,0.42,-0.42,0.40,0.02,10523.00,26.77,328.94,-6.38,-2.13,3.51,36.03
90.09298450200004,0.43,-0.43,0.40,0.02,10525.00,26.78,328.94,-6.38,-2.13,3.40,36.16
90.19479519299966,0.43,-0.43,0.40,0.02,10525.00,26.77,328.94,-6.38,-2.13,3.47,36.03
90.29799754899977,0.43,-0.43,0.40,0.02,10524.00,26.78,328.94,-6.38,-2.13,3.51,36.03
90.39632022600017,0.43,-0.43,0.40,0.02,10525.00,26.77,328.94,-6.38,-2.13,3.54,36.03
90.4946859240008,0.43,-0.43,0.40,0.02,10524.00,26.78,328.94,-6.38,-2.13,3.47,36.03
90.596721979,0.43,-0.43,0.40,0.02,10523.00,26.78,328.94,-6.38,-2.13,3.51,36.03
90.69872501399914,0.43,-0.43,0.41,0.01,10526.00,26.77,328.94,-6.38,-2.19,3.47,36.03
90.8018392440008,0.43,-0.43,0.40,0.02,10521.00,26.77,328.94,-6.38,-2.13,3.54,36.03
90.90039098399939,0.43,-0.43,0.40,0.02,10518.00,26.77,328.94,-6.38,-2.13,3.54,36.03
91.00184933200035,0.43,-0.43,0.41,0.01,10528.00,26.78,328.94,-6.38,-2.06,3.47,36.03
91.10547012399911,0.43,-0.43,0.40,0.02,10524.00,26.78,328.94,-6.38,-2.06,3.54,36.03
91.2072160759999,0.43,-0.43,0.41,0.01,10526.00,26.77,328.88,-6.38,-2.06,3.51,36.03
91.31383556000037,0.43,-0.43,0.40,0.02,10523.00,26.78,328.88,-6.38,-2.00,3.51,36.03
91.40958438800044,0.43,-0.43,0.41,0.01,10526.00,26.77,328.88,-6.38,-2.00,3.51,36.16
91.50684743199963,0.43,-0.43,0.40,0.02,10523.00,26.77,328.88,-6.38,-2.00,3.51,36.03
91.61221321999983,0.43,-0.43,0.40,0.02,10521.00,26.78,328.88,-6.38,-2.00,3.51,36.03
91.71083339699908,0.43,-0.43,0.40,0.02,10522.00,26.77,328.88,-6.38,-2.00,3.54,36.03
91.8145461160002,0.43,-0.43,0.40,0.02,10521.00,26.77,328.88,-6.38,-2.00,3.58,35.91
91.91566415200032,0.43,-0.43,0.40,0.02,10518.00,26.77,328.88,-6.38,-2.00,3.54,36.03
92.01480109899967,0.43,-0.43,0.40,0.02,10521.00,26.78,328.88,-6.38,-2.00,3.47,36.03
92.11616653000056,0.43,-0.43,0.40,0.02,10523.00,26.77,328.88,-6.38,-1.94,3.51,36.03
92.21909643800063,0.43,-0.43,0.40,0.02,10519.00,26.77,328.88,-6.38,-1.94,3.51,36.03
92.32116369200048,0.43,-0.43,0.40,0.02,10518.00,26.77,328.88,-6.38,-1.94,3.47,36.03
92.41949157700037,0.43,-0.43,0.40,0.02,10523.00,26.77,328.88,-6.38,-1.94,3.54,36.03
92.52133200800017,0.43,-0.43,0.40,0.02,10521.00,26.77,328.88,-6.38,-1.94,3.51,36.16
92.62472774799971,0.43,-0.43,0.40,0.02,10525.00,26.77,328.88,-6.38,-1.94,3.44,36.03
92.72256454099988,0.43,-0.43,0.41,0.01,10526.00,26.77,328.88,-6.38,-1.94,3.54,36.03
92.82439257599981,0.43,-0.43,0.40,0.02,10522.00,26.78,328.88,-6.38,-1.94,3.51,36.16
92.92745112900047,0.43,-0.43,0.40,0.02,10519.00,26.77,328.88,-6.38,-1.94,3.54,36.03
93.02635385800022,0.43,-0.43,0.40,0.02,10524.00,26.77,328.88,-6.38,-2.00,3.51,36.03
93.12803647600049,0.43,-0.43,0.41,0.01,10527.00,26.78,328.88,-6.38,-2.00,3.47,36.16
93.22984138600077,0.43,-0.43,0.41,0.01,10529.00,26.77,328.88,-6.38,-2.00,3.58,36.03
93.33294795999973,0.43,-0.43,0.40,0.02,10521.00,26.78,328.88,-6.38,-1.94,3.54,36.03
93.43158095000035,0.43,-0.43,0.40,0.02,10522.00,26.77,328.88,-6.38,-1.94,3.51,36.03
93.53332492200025,0.43,-0.43,0.41,0.01,10526.00,26.78,328.88,-6.38,-1.94,3.51,35.91
93.63521472799948,0.43,-0.43,0.40,0.02,10519.00,26.78,328.88,-6.38,-1.94,3.47,36.03
93.73400953999953,0.43,-0.43,0.41,0.01,10526.00,26.77,328.88,-6.38,-1.94,3.54,36.03
93.83609007400082,0.43,-0.43,0.40,0.02,10524.00,26.78,328.88,-6.38,-1.94,3.47,36.16
93.93916081499992,0.43,-0.43,0.40,0.02,10522.00,26.77,328.88,-6.38,-1.94,3.54,36.03
94.03755239800012,0.43,-0.43,0.40,0.02,10518.00,26.78,328.88,-6.38,-1.94,3.51,36.03
94.13993251600004,0.43,-0.43,0.40,0.02,10518.00,26.77,328.88,-6.38,-1.94,3.54,36.03
94.24151841599996,0.43,-0.43,0.40,0.02,10523.00,26.77,328.88,-6.38,-1.94,3.51,36.03
94.3448720209999,0.43,-0.43,0.40,0.02,10520.00,26.77,328.88,-6.38,-1.94,3.47,35.91
94.44317954200051,0.43,-0.43,0.40,0.02,10522.00,26.77,328.88,-6.38,-2.00,3.54,36.03
